Protein group ID,Gene Systematic Name ,Gene Standard Name,UniProt ID,Mol. Weight [kDa],Sequence Coverage [%],# of Proteins in Protein Group,Determined from 3 replicates,,,Replicate 1,,,,Replicate 2,,,,Replicate 3,,,
,,,,,,,Ratio r0/WT,log2(Ratio r0/WT),P value,"Unique
Peptides",Ratio r0/WT,Ratio Variability [%],Ratio Counts,"Unique
Peptides",Ratio r0/WT,Ratio Variability [%],Ratio Counts,"Unique
Peptides",Ratio r0/WT,Ratio Variability [%],Ratio Counts
854,YNL037C,IDH1,P28834,39.324,82.2,1,6.628246068,2.728627162,0.000528468,19,7.177205196,8.3031,76,25,6.520179957,87.05,97,22,6.18735305,10.189,104
557,YLR304C,ACO1,P19414,85.367,74.7,1,6.749002658,2.754674322,0.000752525,51,7.322252325,13.4,298,52,6.809669731,12.937,323,55,6.115085917,19.059,393
840,YOR136W,IDH2,P28241,39.739,57.7,1,6.359398215,2.668890251,0.000451246,14,6.782419967,13.106,98,16,6.375111564,23.058,85,14,5.920663114,9.065,123
954,YNL315C,ATP11,P32453,36.851,42.5,1,5.757919875,2.525547713,0.000312657,9,5.558334723,15.688,23,9,6.118827633,17.127,18,12,5.596597269,13.819,21
308,YLR142W,PUT1,P09368,53.271,21.2,1,5.721235172,2.516326648,0.000644863,5,6.233248146,21.91,4,7,5.408036342,62.876,7,5,5.522421029,18.855,8
2883,YDR511W,SDH7,Q04401,15.783,40.6,1,5.600488015,2.485552546,0.000491259,3,5.992329818,24.185,7,6,5.556481636,11.377,10,5,5.25265259,9.7906,10
3190,YOL071W,SDH5,Q08230,19.042,35.8,1,4.919141183,2.298406462,0.002130457,4,5.661552398,20.914,5,2,4.490547398,91.919,5,5,4.605323754,37.011,5
1091,YDR430C,CYM1,P32898,112.18,64.9,1,4.901973125,2.293362575,0.00074724,47,5.297451926,29.321,102,46,4.84683986,24.032,87,43,4.561627589,28.13,90
1556,YHR038W,RRF1,P38771,26.406,43.9,1,4.357468858,2.123490354,0.000495056,9,4.632203076,7.1681,18,11,4.145593234,10.698,18,9,4.294610264,6.9733,17
386,YLR382C,NAM2,P11325,101.92,37.8,1,4.346031803,2.119698732,0.000900832,22,4.712979546,31.268,31,20,4.055807917,16.079,34,23,4.269307945,20.649,40
1924,YIL070C,MAM33,P40513,30.132,49.2,1,4.617789749,2.207202488,0.001666074,9,5.14112385,8.1013,27,8,4.56871345,15.788,23,11,4.143531947,57.47,32
2834,YDR196C,CAB5,Q03941,27.339,11.6,1,2.270586949,1.183065284,0.22353733,1,1.196086405,NaN,1,1,1.489070225,NaN,1,2,4.126604217,NaN,1
2208,YPL097W,MSY1,P48527,55.287,38.2,1,4.383231498,2.131994876,0.000743675,14,4.666355576,62.045,22,11,4.420280246,40.041,21,11,4.063058671,27.752,18
221,YAL039C,CYC3,P06182,30.081,63.6,1,4.173571992,2.061282657,0.000528548,10,4.451963316,5.1058,30,13,4.030632809,16.25,32,12,4.038119851,9.2364,29
112,YML054C,CYB2,P00175,65.539,38.1,1,4.669349038,2.223221435,0.004546661,11,5.649717514,14.673,20,14,4.350474202,7.3482,17,15,4.007855397,37.37,24
2177,YJR122W,IBA57,P47158,57.054,32,1,3.61566191,1.854259782,0.020336142,6,2.447740735,95.814,6,9,4.39908499,39.389,10,9,4.000160006,6.5918,13
3466,YDR070C,FMP16,Q12497,10.845,31.2,1,4.475780377,2.162139246,0.016915271,1,6.236746913,NaN,1,2,3.267333203,6.1086,2,1,3.923261015,NaN,1
64,YJL046W,AIM22,P47051,47.003,15.2,1,2.281074863,1.189713795,0.384116789,3,2.38691968,31.956,3,3,0.643004115,201.74,3,1,3.813300793,NaN,1
3386,YLL009C,COX17,Q12287,8.056,43.5,1,3.78475585,1.920200237,0.001632774,3,4.185326246,14.122,5,2,3.495037047,NaN,1,1,3.673904258,0.40453,2
1880,YJL066C,MPM1,P40364,28.47,54.4,1,3.872846619,1.953394366,0.000466818,6,3.973299428,4.9758,13,8,3.995205753,10.03,12,7,3.650034675,13.155,13
2974,YLR218C,COA4,Q05809,11.239,34.4,1,3.578301105,1.839274792,0.000107624,2,3.486021056,4.8828,3,2,3.640467436,12.679,2,3,3.608414823,23.935,5
108,YJR048W,CYC1,P00044,12.182,59.6,1,3.798100254,1.925277987,0.001549963,7,3.643650938,5.3179,31,6,4.202033784,11.61,37,6,3.54861604,12.179,37
2303,YGL236C,MTO1,P53070,74.215,29.1,1,3.665756893,1.874111112,0.000302343,14,3.670532961,29.157,18,10,3.806478627,21.891,14,13,3.520259091,34.179,19
1524,YHR011W,DIA4,P38705,50.389,30.5,1,3.660743646,1.872136748,0.006597124,10,4.406839415,19.04,15,4,3.078154339,30.743,7,8,3.497237183,14.04,12
706,YLR069C,MEF1,P25039,84.573,49.4,1,3.924364353,1.972458993,0.001785563,23,4.188306249,14.337,48,23,4.097185234,18.289,46,26,3.487601576,51.588,54
3283,YOR215C,AIM41,Q12032,21.229,41.6,1,3.862006875,1.949350733,0.002217301,10,4.263846843,14.473,23,9,3.896812407,25.557,20,11,3.425361376,17.03,24
2822,YMR157C,AIM36,Q03798,29.076,46.7,1,3.49706897,1.80614625,0.001122417,13,3.796074859,94.091,23,10,3.343251647,14.304,18,11,3.351880405,17.255,18
3088,YDR316W,OMS1,Q06668,55.588,48,1,3.321001647,1.731618438,6.94681E-06,18,3.318730917,18.897,33,17,3.304037534,11.773,30,19,3.340236489,11.572,29
3305,YDL033C,SLM3,Q12093,47.049,4.6,1,2.726337598,1.44696422,0.010549605,1,2.483484826,NaN,1,1,2.387774594,NaN,1,2,3.307753374,39.49,2
2026,YDL104C,QRI7,P43122,45.543,11.8,1,2.970927038,1.570913175,0.001851118,3,2.940311673,18.598,5,2,2.745517942,11.815,2,2,3.226951499,8.6799,3
2632,YKL087C,CYT2,Q00873,26.076,43.8,1,3.170312263,1.664624947,0.0008099,7,3.323473695,15.164,10,6,2.974508462,15.904,9,8,3.212954633,21.041,16
336,YJR045C;YEL030W,SSC1;ECM10,P0CS90;P39987,70.627,69.4,2,3.541137009,1.824212664,0.001728583,47,3.75798572,15.726,295,49,3.684055408,16.49,321,47,3.181369898,10.952,409
569,YLR259C,HSP60,P19882,60.751,82.3,1,3.497189628,1.806196026,0.001620196,40,3.7578445,7.8711,247,43,3.564554074,13.327,253,45,3.169170311,13.801,329
705,YOL023W,IFM1,P25038,75.656,33.7,1,3.40007122,1.765564966,0.001579501,15,3.711539175,54.619,19,10,3.347280335,17.905,14,12,3.141394151,26.616,16
839,YMR267W,PPA2,P28239,35.572,49.4,1,3.330143194,1.735584214,0.000735394,11,3.351655718,5.9352,17,9,3.505450976,11.641,17,8,3.133322889,35.902,17
2344,YGL068W,MNP1,P53163,20.65,74.2,1,3.314916521,1.72897254,0.002164997,10,3.691671589,98.033,23,11,3.158060951,96.731,36,10,3.095017023,96.856,44
1406,YBL107C,MIX23,P38162,22.965,34.7,1,3.163477706,1.661511429,0.000571009,6,3.057729941,9.8654,11,5,3.338452294,28.658,8,7,3.094250882,23.833,9
3437,YPR002W,PDH1,Q12428,57.683,31.8,1,2.907770677,1.539913495,0.001110694,11,2.730897373,21.697,13,7,2.903516158,46.762,8,10,3.088898499,62.082,11
729,YCR024C,SLM5,P25345,56.784,31.5,1,3.269345147,1.709001691,0.000879366,7,3.389485815,9.0636,11,5,3.374502261,25.499,5,9,3.044047365,8.0732,12
901,YNL073W,MSK1,P32048,66.127,43.6,1,3.416083192,1.77234311,0.002119615,8,3.608414823,21.022,13,13,3.598287215,26.897,17,14,3.041547539,12.029,20
2361,YGL018C,JAC1,P53193,21.778,56,1,3.121852963,1.642402589,0.002392697,5,3.466564981,8.0563,13,5,2.879852552,40.463,12,6,3.019141356,24.643,14
1830,YER182W,FMP10,P40098,27.698,48.4,1,3.195243277,1.675925778,0.001240605,12,3.453038674,14.354,37,13,3.119735446,20.478,45,12,3.01295571,13.787,37
109,YEL039C,CYC7,P00045,12.532,45.1,1,2.988374162,1.579360793,0.026596117,4,3.874767514,15.762,9,3,2.102872524,46.411,6,3,2.987482449,29.413,3
3499,YDR381C-A,COI1,Q3E6R5,12.714,48.2,1,2.840185239,1.505985027,0.000773493,2,2.697017099,18.852,4,5,2.841312686,21.844,11,4,2.982225933,9.4549,12
1180,YBL064C,PRX1,P34227,29.495,53.6,1,3.663345861,1.873161914,0.008383112,6,4.475875034,4.2295,16,10,3.538946102,25.286,25,10,2.975216447,10.347,23
3341,YOR147W,MDM32,Q12171,72.027,13.8,1,2.580547952,1.367677439,0.004329448,6,2.422774076,39.297,8,5,2.407492115,65.027,6,5,2.911377664,51.705,6
2876,YDR031W,MIX14,Q04341,13.866,54.5,1,3.043631662,1.605793775,0.001050222,5,2.973535534,34.943,5,2,3.261578604,16.586,4,3,2.895780847,10.362,3
2479,YNR040W,MRX15,P53736,28.636,40.2,1,2.899735065,1.535921094,9.69033E-06,4,2.897878753,11.457,8,7,2.917237959,15.294,16,8,2.884088484,18.036,15
2547,YNL077W,APJ1,P53940,58.888,14.4,1,1.520215844,0.604276176,0.842285246,2,1.28713381,NaN,1,2,0.398628717,NaN,1,2,2.874885005,217.71,2
3225,YOR286W,RDL2,Q08742,16.697,59.7,1,3.319985893,1.731177112,0.003517776,7,3.475238923,54.585,12,7,3.613630615,45.626,21,7,2.871088142,24.848,19
744,YCR083W,TRX3,P25372,14.432,48,1,2.932510243,1.552136147,0.000196625,6,3.018776792,20.301,14,4,2.908160298,8.2919,17,6,2.870593639,8.3763,16
1592,YHR116W,COX23,P38824,17.318,55.6,1,2.727491101,1.447574489,0.002142568,2,2.480404802,45.365,3,5,2.852497361,5.0776,9,5,2.84957114,8.5096,7
1341,YBL022C,PIM1,P36775,127.11,45.7,1,3.217243929,1.685825324,0.002862888,35,3.524229075,37.517,71,35,3.27858103,31.222,69,39,2.848921683,29.829,86
1541,YHL014C,YLF2,P38746,45.714,29.1,1,3.013976797,1.591668311,0.001096434,7,3.218331617,24.96,9,5,2.985431096,4.3844,8,5,2.838167679,7.3114,6
291,YPR047W,MSF1,P08425,54.828,25.6,1,2.739402387,1.453861197,0.007492317,7,3.103277061,14.342,7,6,2.3071244,13.943,8,8,2.8078057,17.095,8
2612,YHR005C-A,TIM10,P87108,10.305,93.5,1,2.819478371,1.495428276,8.02074E-05,8,2.784507003,14.599,41,7,2.870923289,7.6667,55,7,2.803004821,4.1722,51
621,YJL180C,ATP12,P22135,36.554,44.6,1,3.104868171,1.634532015,0.002041066,12,3.255208333,19.571,24,11,3.263601057,25.761,19,13,2.795795124,35.296,18
1272,YKL150W,MCR1,P36060,34.137,70.5,1,3.052968124,1.610212526,0.002094407,16,3.327012011,7.3194,58,18,3.044047365,33.107,60,17,2.787844996,21.588,63
1500,YOR232W,MGE1,P38523,26.066,41.7,1,2.992173731,1.581193943,0.002292572,9,3.307753374,7.8369,31,9,2.882010491,21.041,19,8,2.786757329,12.22,20
2796,YMR002W,MIX17,Q03667,16.669,37.2,1,2.738418282,1.453342829,0.004495109,2,2.404019521,23.955,9,2,3.028742769,17.326,12,2,2.782492557,4.5754,11
1346,YGR174C,CBP4,P37267,17.532,47.6,1,2.902380504,1.53723667,0.002553323,7,3.222272346,62.296,12,5,2.731792602,38.838,4,5,2.753076563,23.114,7
464,YPL104W,MSD1,P15179,75.46,30.9,1,2.772771086,1.471328516,0.000190996,12,2.851114786,5.4774,13,12,2.727322315,26.536,18,12,2.739876158,28.415,13
258,YBR120C,CBP6,P07253,18.678,66,1,2.774770468,1.472368435,9.30139E-05,13,2.828534254,9.9667,36,12,2.757251572,6.2104,38,13,2.738525578,9.1203,34
604,YPL215W,CBP3,P21560,39.083,44.2,1,2.780345606,1.475264226,0.000136243,16,2.823742023,12.195,42,12,2.801748291,13.013,32,17,2.715546504,13.236,49
1371,YBR024W,SCO2,P38072,34.888,29.9,1,2.817362719,1.494345314,0.003544403,5,3.163155564,8.355,10,5,2.576921095,15.825,7,7,2.712011499,13.663,10
2072,YOR374W,ALD4,P46367,56.723,73,1,3.237458483,1.694861692,0.012323573,29,4.104921801,11.202,92,25,2.922096897,10.966,105,24,2.68535675,19.601,109
1333,YLR312W-A,MRPL15,P36523,28.167,43.5,1,2.835112332,1.503405899,0.001888089,7,3.090330356,16.053,11,8,2.754441537,10.055,15,6,2.660565104,17.42,15
880,YGL143C,MRF1,P30775,46.77,22.8,1,2.211247934,1.144860795,0.070437089,5,2.604573631,18.961,6,6,1.391691601,36.925,8,4,2.63747857,38.936,6
104,YEL020W-A,TIM9,O74700,10.202,60.9,1,2.659355608,1.411076707,0.000197902,5,2.643055372,3.7006,25,6,2.729555628,17.75,29,6,2.605455824,13.565,33
1328,YMR024W,MRPL3,P36516,43.999,59,1,2.858644044,1.515330988,0.002012053,19,3.050082352,9.7028,48,19,2.921072618,7.6457,36,17,2.604777161,6.1898,39
1903,YIL114C,POR2,P40478,31.177,20.3,1,2.727251559,1.447447779,0.006422123,2,3.168768617,4.7839,2,4,2.430074603,5.6908,4,5,2.582911458,77.666,5
1732,YAL046C,BOL3,P39724,13.356,33.1,1,2.800890549,1.485885608,0.005952832,2,3.261259498,113.98,4,2,2.565154935,45.767,4,3,2.576257214,42.147,6
1138,YDR258C,HSP78,P33416,91.335,60.3,1,2.991302342,1.580773736,0.005690482,38,3.379520108,15.78,119,42,3.046551304,12.748,122,39,2.547835614,16.707,122
3236,YOR354C,MSC6,Q08818,79.946,48,1,2.754372169,1.461723508,0.001717562,18,2.912055911,12.627,33,21,2.817298211,14.328,34,21,2.533762384,29.985,36
374,YDR347W,MRP1,P10662,36.728,50.5,1,2.699342676,1.432608135,0.00256183,9,2.968416053,10.09,25,13,2.617869578,16.746,33,15,2.511742396,10.291,32
800,YML078W,CPR3,P25719,19.919,47.3,1,2.752971916,1.460989893,0.002306523,7,2.912140715,7.9657,30,9,2.852822868,18.946,36,7,2.493952166,17.566,35
1370,YBR026C,ETR1,P38071,42.066,62.1,1,2.733285138,1.45063597,0.002269295,14,2.868535039,22.246,31,14,2.853067047,25.597,38,14,2.478253327,9.9857,35
2726,YPL135W,ISU1,Q03020,17.895,36.4,1,2.603754444,1.380593397,0.001614134,4,2.531517392,5.1231,7,5,2.804498415,7.6092,8,4,2.475247525,14.349,7
960,YKL192C,ACP1,P32463,13.943,39.2,1,2.555134612,1.353399298,0.000442019,4,2.626464254,2.737,14,4,2.580245639,10.805,22,5,2.458693942,5.3491,15
2685,YER058W,PET117,Q02771,12.281,56.1,1,2.297068525,1.199793895,0.002039807,3,2.279046447,16.984,6,3,2.156845829,15.213,5,4,2.455313298,4.5061,7
255,YMR083W,ADH3,P07246,40.369,57.1,1,2.605450651,1.38153293,0.001788079,16,2.810330776,15.39,71,16,2.55480047,20.436,70,16,2.451220708,17.765,83
1072,YDR375C,BCS1,P32839,51.107,42.8,1,2.4746244,1.307209569,0.000223442,16,2.433563711,29.281,26,11,2.541489821,28.429,21,12,2.448819669,36.859,24
124,YHR008C,SOD2,P00447,25.774,45.5,1,2.723412197,1.445415355,0.004458787,5,3.067672863,5.1167,6,7,2.663896215,17.962,9,6,2.438667512,8.6495,14
689,YBR037C,SCO1,P23833,33.166,33.6,1,2.781624603,1.475927732,0.004103126,4,3.019506009,9.3456,4,5,2.889254861,13.339,8,6,2.436112938,12.868,11
2207,YPL040C,ISM1,P48526,115.79,27.3,1,2.535272956,1.342141081,0.001793623,16,2.433859858,20.799,15,11,2.738750582,13.728,10,15,2.433208429,24.352,19
367,YLR163C,MAS1,P10507,51.083,44.6,1,2.663846968,1.413511205,0.002633981,12,2.888253473,13.754,32,14,2.675513699,15.298,29,14,2.427773731,23.201,38
647,YGR171C,MSM1,P22438,66.734,19.3,1,1.970276762,0.978398297,0.094328924,3,1.24302353,47.914,4,5,2.246030142,83.789,6,7,2.421776615,19.215,7
3214,YOR205C,GEP3,Q08622,63.853,29.5,1,2.685310724,1.425089036,0.004668994,9,3.027184113,25.229,15,12,2.627499409,26.168,16,10,2.401248649,11.008,11
1437,YBR044C,TCM62,P38228,64.251,20.5,1,2.456571864,1.296646444,0.001922936,5,2.648725963,27.907,8,6,2.32514881,12.511,5,4,2.39584082,12.915,5
1086,YDL174C,DLD1,P32891,65.292,68.8,1,2.406854622,1.267149003,6.75698E-05,31,2.427714792,12.436,125,33,2.420369833,20.832,138,34,2.372479241,7.4113,153
848,YGR028W,MSP1,P28737,40.343,39,1,2.340547573,1.226846089,0.000171883,7,2.288905674,11.26,8,9,2.361832782,9.1137,11,8,2.370904263,20.118,9
2015,YNL310C,ZIM17,P42844,19.855,27.6,1,2.539292929,1.344426832,0.001976817,3,2.690414055,16.666,5,3,2.586585965,20.568,6,2,2.340878766,13.769,4
559,YPL132W,COX11,P19516,34.044,19,1,2.444700797,1.289657907,0.000752391,6,2.491652963,69.736,8,2,2.515406867,13.05,2,5,2.327042562,7.6465,3
1337,YNL252C,MRPL17,P36528,32.212,48.4,1,2.348679641,1.231849944,0.000175342,11,2.401248649,15.486,21,14,2.330350485,11.678,22,15,2.31443979,12.649,31
1610,YHR168W,MTG2,P38860,57.846,31.5,1,2.363918488,1.24118029,0.000851834,5,2.484040043,23.003,4,6,2.301601915,9.9145,6,5,2.306113507,2.9654,7
2334,YGL107C;YBR238C,RMD9;YBR238C,P53140;P38330,74.595,42.1,2,2.496539901,1.319929965,0.002169201,21,2.633450083,18.003,42,22,2.564431337,8.1107,45,21,2.291738283,14.864,49
1911,YIL094C,LYS12,P40495,40.068,49.1,1,2.502678445,1.323472939,0.002245764,17,2.605184317,15.255,43,19,2.612739719,13.764,38,16,2.290111299,9.6533,34
3516,YJL062W-A,COA3,Q3E7B2,9.8814,34.1,1,2.617697478,1.388298377,0.004885075,1,2.782724844,4.1982,4,1,2.791892345,6.5621,6,3,2.278475244,8.2966,13
1311,YKR049C,FMP46,P36141,15.65,58.6,1,2.520219441,1.333549358,0.00506489,6,2.831417408,11.548,8,5,2.470782991,11.961,9,6,2.258457925,21.192,9
1609,YHR162W,MPC2,P38857,14.555,14.7,1,1.984882341,0.98905349,0.021837403,1,1.609994848,2.6386,3,1,2.100134409,NaN,1,1,2.244517765,4.6116,2
1074,YMR302C,YME2,P32843,96.687,53.2,1,2.317765046,1.212734327,0.000551849,40,2.361386606,13.561,72,31,2.364737041,19.885,58,38,2.227171492,28.725,62
272,YHR037W,PUT2,P07275,64.434,63.1,1,2.358509423,1.237875365,0.003376284,23,2.597065316,11.144,55,21,2.263672582,9.6044,55,26,2.21479037,13.919,66
1634,YOR020C,HSP10,P38910,11.372,77.4,1,2.418158212,1.273908638,0.003122122,5,2.606814212,5.7893,26,6,2.446423329,14.052,30,7,2.201237095,30.124,38
2034,YFL046W,FMP32,P43557,24.018,16.9,1,1.646817164,0.719680391,0.49317288,2,0.611097531,85.453,4,3,2.128746594,NaN,1,1,2.200607368,NaN,1
3058,YLR356W,ATG33,Q06485,20.4,28.9,1,2.402900682,1.264777019,0.007263818,4,2.772002772,3.9903,8,4,2.245878812,6.6541,10,3,2.190820462,13.648,11
2758,YDR470C,UGO1,Q03327,57.542,35.3,1,2.361294837,1.239578191,0.002572891,14,2.371129132,7.7489,33,13,2.533441427,27.698,32,13,2.179313952,18.358,29
3147,YLL013C,PUF3,Q07807,98.067,21.3,1,2.289363657,1.194946648,0.001224279,11,2.290163747,5.2019,21,11,2.40373059,8.8129,13,12,2.174196634,10.269,19
1468,YBR185C,MBA1,P38300,31.811,25.9,1,2.257846556,1.174947443,0.010412777,3,1.978082842,15.371,5,5,2.623432499,19.292,5,5,2.172024327,15.19,11
1702,YER061C,CEM1,P39525,47.555,40,1,2.277443788,1.187415446,0.005974467,8,2.574333891,18.017,12,6,2.108014672,20.742,8,8,2.1499828,57.99,8
1330,YDR237W,MRPL7,P36519,33.099,36.6,1,2.230621491,1.157445727,0.000689083,8,2.258917075,24.127,12,5,2.293314987,13.296,10,4,2.139632411,2.0474,12
1374,YBR054W,YRO2,P38079,38.719,19.5,1,2.29518084,1.19860783,0.020782251,3,1.908651919,27.596,7,3,2.848597066,87.944,7,3,2.128293534,8.2135,7
2226,YMR189W,GCV2,P49095,114.45,45.3,1,2.360992159,1.23939325,0.011816077,27,2.819601872,11.37,62,25,2.137117456,11.506,61,33,2.12625715,31.373,86
1889,YIL157C,COA1,P40452,22.044,39.6,1,2.195089555,1.1342798,0.000889342,5,2.296738631,2.8732,13,5,2.162770076,6.807,12,5,2.125759959,10.952,13
2767,YDR493W,MZM1,Q03429,13.927,41.5,1,2.416215509,1.272749139,0.005024896,3,2.559312057,7.1774,3,3,2.565154935,8.4264,5,4,2.124179536,37.808,6
2608,YPR133W-A,TOM5,P80967,5.9849,30,1,2.037984929,1.027143383,0.00170585,3,1.923483814,36.455,26,3,2.068680182,3.3866,24,3,2.121790791,0.13662,22
2170,YJR101W,RSM26,P47141,30.223,29.3,1,2.461058878,1.299279173,0.008857263,4,2.831818311,55.153,6,4,2.439202869,27.653,6,3,2.112155455,23.577,5
398,YHR024C,MAS2,P11914,53.337,45.4,1,2.419208179,1.274534922,0.005946436,17,2.629572169,29.552,34,16,2.521813688,16.326,33,17,2.106238679,7.913,37
1974,YDL107W,MSS2,P40990,41.476,19.1,1,2.046402405,1.033089865,0.003806171,5,2.160994057,5.7051,7,4,1.872063201,20.013,5,5,2.106149958,20.932,5
490,YER178W,PDA1,P16387,46.343,65,1,2.280838512,1.189564305,0.003157874,29,2.466212883,52.017,147,29,2.275727095,20.885,148,30,2.100575558,23.765,179
2423,YGR244C,LSC2,P53312,46.9,57.8,1,2.384573883,1.253731483,0.006775465,19,2.689979825,21.732,50,17,2.363563308,26.58,36,21,2.100178515,24.428,53
968,YBR221C,PDB1,P32473,40.053,44,1,2.283151545,1.191026622,0.003321775,13,2.464754018,3.2997,52,14,2.293525378,8.5369,48,12,2.09117524,30.889,60
2691,YPL059W,GRX5,Q02784,16.931,62,1,2.381989796,1.252167233,0.005721183,5,2.584179652,4.5407,16,5,2.476718843,13.261,12,6,2.085070892,4.99,11
252,YKL194C,MST1,P07236,54.091,35.7,1,2.051203221,1.036470433,0.003157352,12,2.177463255,8.3773,22,13,1.897749269,84.307,20,13,2.07839714,10.76,23
2025,YJL104W,PAM16,P42949,16.216,61.1,1,2.17442702,1.120635289,0.001084398,9,2.26326272,4.2202,27,9,2.187178758,10.07,24,8,2.072839583,14.25,23
148,YDL130W-A,STF1,P01098,10.062,18.6,1,2.258816968,1.175567374,0.03079536,1,2.908244874,NaN,1,1,1.798755261,NaN,1,2,2.069450768,16.218,2
2454,YOR142W,LSC1,P53598,35.032,69.6,1,2.318195253,1.213002084,0.004964401,15,2.531837861,5.6247,47,16,2.35488049,18.263,45,17,2.067867408,11.221,65
1485,YBR262C,MIC12,P38341,12.388,70.8,1,2.190740284,1.131418461,0.001827056,6,2.283887176,6.7572,8,8,2.239992832,21.725,13,7,2.048340844,11.397,15
2119,YJL082W,IML2,P47031,82.535,26.7,1,2.059713302,1.042443538,0.012998838,11,1.773584236,19.71,14,14,2.359603587,21.143,15,11,2.045952084,10.913,16
3179,YOL027C,MDM38,Q08179,65.004,46.4,1,2.082129819,1.058060022,0.000327484,26,2.134927412,25.27,66,24,2.070479109,22.683,77,26,2.040982937,17.308,73
2085,YDL178W,DLD2,P46681,59.268,51.5,1,2.228987355,1.156388432,0.003272794,21,2.385439279,18.919,56,16,2.2611645,19.642,35,20,2.040358287,10.382,47
1686,YLR090W,XDJ1,P39102,51.346,33.8,1,2.212611638,1.145750249,0.003162854,10,2.376199981,12.643,16,6,2.224892093,11.58,13,8,2.036742841,20.92,16
3090,YDR322W,MRPL35,Q06678,42.825,52.6,1,2.165763765,1.114875886,0.004041948,15,2.381065765,17.076,25,13,2.083333333,20.205,23,15,2.032892196,10.309,31
268,YIR021W,MRS1,P07266,41.289,34.2,1,2.066812138,1.047407262,0.007730795,6,2.313690104,16.744,6,4,1.857113674,17.444,5,6,2.029632636,18.176,7
942,YNR041C,COQ2,P32378,41.001,12.6,1,2.110322042,1.077463176,0.000728738,3,2.169620967,13.47,3,3,2.132741853,15.681,4,4,2.028603307,15.327,5
2651,YIL022W,TIM44,Q01852,48.854,50.1,1,2.127905567,1.089434128,0.001356924,20,2.230251126,8.899,51,18,2.128067077,8.9904,40,21,2.025398497,19.796,46
2206,YOL033W,MSE1,P48525,61.603,13.6,1,2.305940836,1.205355498,0.01153712,5,2.723756605,16.356,4,3,2.169856356,44.563,6,4,2.024209546,8.4461,5
2196,YDR376W,ARH1,P48360,56.237,41.6,1,2.162796378,1.112897845,0.003736315,12,2.365352319,18.095,13,9,2.100178515,25.976,11,11,2.022858299,18.247,14
1479,YBR230C,OM14,P38325,14.609,38.8,1,1.985970719,0.989844352,0.003091669,3,2.096084514,9.7856,6,3,1.843216043,13.698,4,3,2.018611599,12.505,5
1837,YNL213C,RRG9,P40156,25.274,25.2,1,2.13573944,1.094735649,0.003521462,2,2.330296181,11.414,2,3,2.059817088,31.642,2,1,2.017105051,NaN,1
2021,YGR207C,CIR1,P42940,28.758,48.7,1,2.056836715,1.040427268,0.000289722,11,2.097755402,22.364,25,9,2.06185567,9.4038,27,10,2.010899073,10.002,27
2701,YPL072W,UBP16,Q02863,56.919,4.8,1,1.903179677,0.928411771,0.002555269,2,1.908542637,15.928,3,1,1.793689799,NaN,1,2,2.007306596,21.407,2
3161,YLR008C,PAM18,Q07914,17.91,29.8,1,2.101486364,1.071410095,0.001053063,5,2.135565711,12.801,15,6,2.166049343,14.277,19,6,2.002844039,15.107,25
2987,YLR369W,SSQ1,Q05931,72.364,29.4,1,2.180062791,1.124369689,0.003209799,13,2.322017369,7.9732,20,11,2.218131003,15.376,14,11,2.000040001,28.497,16
1844,YIL051C,MMF1,P40185,15.908,74.5,1,2.21503703,1.147330818,0.004806796,7,2.395898222,6.4443,39,6,2.261062247,14.112,46,7,1.988150622,28.325,45
3003,YPR098C,TMH18,Q06089,17.731,11.8,1,1.953993469,0.966425645,0.000633147,2,1.990881762,6.996,5,3,1.888859507,62.726,5,3,1.982239137,9.1582,6
136,YNR001C,CIT1,P00890,53.359,49.1,1,2.257961012,1.175020575,0.007861039,18,2.540585859,6.8358,51,18,2.254588087,12.576,64,18,1.97870909,12.667,77
2447,YNL070W,TOM7,P53507,6.8699,25,1,1.782150845,0.833619455,0.008763451,2,1.662040654,21.532,2,2,1.706368166,7.6825,4,2,1.978043715,12.917,2
1336,YDR462W,MRPL28,P36527,17.342,52.4,1,2.117132678,1.082111684,0.005225617,7,2.350673468,36.408,10,7,2.023267577,3.5846,14,6,1.97745699,7.3971,17
897,YDR074W,TPS2,P31688,102.98,34.6,1,2.032544096,1.023286652,0.004487216,18,1.899623874,33.074,21,19,2.224298234,24.943,22,20,1.97371018,39.74,26
2282,YLR089C,ALT1,P52893,66.421,35.3,1,2.2263233,1.154663112,0.006325185,15,2.452362852,34.125,32,13,2.255503428,20.983,31,13,1.971103621,24.879,33
2803,YML030W,RCF1,Q03713,18.477,42.1,1,1.987870272,0.99122361,0.00051727,6,2.048676555,5.9531,15,6,1.944995527,28.187,19,5,1.969938735,5.4249,12
2222,YML110C,COQ5,P49017,34.684,35.5,1,2.084618838,1.059783618,0.001729334,5,2.15285253,11.571,11,8,2.141602776,6.364,16,8,1.959401207,7.3233,25
1205,YGR082W,TOM20,P35180,20.317,36.1,1,2.00012146,1.000087612,0.000569443,7,2.047082907,6.8267,21,7,2.016535592,10.612,20,7,1.93674588,6.2906,21
1912,YIL093C,RSM25,P40496,30.513,49.6,1,2.039104744,1.027935885,0.001850154,11,2.147904719,8.8933,22,9,2.037863504,27.597,26,12,1.931546009,8.0072,26
2370,YGR021W,DPC29,P53212,31.699,6.9,1,1.914587983,0.937033959,0.616048064,2,3.37507172,0.57386,2,1,0.446428571,NaN,1,2,1.922263658,54.085,4
1211,YFL016C,MDJ1,P35191,55.56,56.2,1,2.012575234,1.009042715,0.001618709,22,2.102563024,12.165,69,27,2.026219277,12.63,80,27,1.9089434,13.43,90
2243,YGR231C,PHB2,P50085,34.406,48.7,1,2.006263985,1.004511449,0.001663187,17,2.069193842,17.032,51,15,2.055371714,12.174,43,15,1.894226398,5.9466,46
2735,YML128C,MSC1,Q03104,59.588,36.8,1,2.143887416,1.100229146,0.02902365,18,2.728140772,49.847,37,17,1.813269506,17.162,47,17,1.890251971,15.687,43
2428,YGR255C,COQ6,P53318,53.527,49.9,1,2.073117781,1.051802084,0.005398349,14,2.269992963,25.347,21,14,2.063813101,16.404,18,14,1.88554728,23.844,17
3067,YPR140W,TAZ1,Q06510,44.187,28.3,1,2.01401297,1.010072974,0.00223452,10,2.100707939,12.104,11,6,2.056174693,14.612,6,8,1.885156279,27.311,8
1733,YAL044C,GCV3,P39726,18.793,34.7,1,2.062332241,1.044276769,0.005866921,4,2.273088901,6.2671,16,5,2.036784325,11.961,18,5,1.877123496,6.5934,16
2229,YNL131W,TOM22,P49334,16.79,44.1,1,1.929216612,0.948015138,0.001335495,7,2.022612811,24.722,21,5,1.889216353,11.247,22,7,1.875820672,9.4988,25
685,YMR203W,TOM40,P23644,42.038,77,1,1.909233142,0.932993285,0.00053891,10,1.966452323,12.246,41,13,1.887184133,13.058,51,14,1.874062969,10.242,57
3186,YOL053W,AIM39,Q08223,45.85,23.8,1,1.873251249,0.905544413,0.006905071,7,2.042066571,19.142,15,6,1.704361461,38.945,6,7,1.873325715,46.984,11
409,YNL005C,MRP7,P12687,43.226,45,1,1.964535715,0.974188396,0.007164942,11,2.193511593,10.787,30,12,1.828487841,15.021,26,15,1.871607711,10.382,38
1850,YMR145C;YDL085W,NDE1;NDE2,P40215;Q07500,62.773,42.9,2,1.955100569,0.967242821,0.001044854,26,1.993819161,4.8318,97,26,2.000120007,9.749,104,25,1.871362539,8.6111,114
904,YIL155C,GUT2,P32191,72.388,48.7,1,1.926734459,0.946157755,0.005941352,23,2.119227753,7.8801,44,23,1.789613086,10.872,34,21,1.871362539,27.101,38
219,YLR355C,ILV5,P06168,44.368,75.2,1,2.026048124,1.018668443,0.003249322,27,2.134471718,7.4399,166,24,2.074129384,7.1974,202,22,1.869543271,9.8026,253
516,YKL085W,MDH1,P17505,35.65,76.3,1,2.157025577,1.109043283,0.011816408,17,2.492025518,11.808,61,18,2.111219018,14.691,69,18,1.867832194,6.1222,69
3525,YMR244C-A,COA6,Q3E846,12.445,49,1,1.923693569,0.943879006,0.004081476,5,1.823652777,8.3257,12,5,2.086027786,7.2417,12,4,1.861400145,7.0877,6
1764,YER087W,AIM10,P39965,65.88,46.5,1,1.991582368,0.993915148,0.006776805,13,1.895411209,28.468,14,11,2.222222222,11.437,15,17,1.857113674,27.334,18
2851,YDR393W,SHE9,Q04172,53.57,27.6,1,1.865712301,0.899726535,0.002670502,5,1.974294683,29.901,6,7,1.766004415,17.591,6,7,1.856837805,7.0019,5
926,YML120C,NDI1,P32340,57.249,55.4,1,2.004662976,1.003359711,0.006562686,20,2.229902999,5.704,56,23,1.934460479,11.796,71,22,1.849625451,14.587,70
2116,YJL112W,MDV1,P47025,80.031,34.9,1,1.878265876,0.909401297,0.00041907,15,1.863030032,16.243,17,12,1.925965872,46.86,14,11,1.845801724,49.681,11
825,YOL096C,COQ3,P27680,36.33,26.9,1,1.932379536,0.95037848,0.001290461,5,1.954728488,17.542,7,4,1.997323586,28.635,5,2,1.845086535,11.959,4
1315,YKR065C,PAM17,P36147,21.968,30.5,1,1.876375081,0.907948247,0.000428282,4,1.923446817,6.0612,14,3,1.864871417,4.1303,13,3,1.84080701,0.4358,15
3418,YPR155C,NCA2,Q12374,70.861,32.3,1,1.939082753,0.955374374,0.002154567,15,2.042275094,11.846,21,15,1.938999089,14.723,21,12,1.835974076,13.581,20
378,YGR222W,PET54,P10834,34.637,49.1,1,1.950173462,0.963602453,0.002310746,11,2.047753614,17.255,14,6,1.968039046,34.424,8,7,1.834727726,10.447,7
1967,YGR132C,PHB1,P40961,31.427,74.9,1,1.918893962,0.940274991,0.001361324,13,1.985663509,15.324,41,14,1.939751324,13.913,36,13,1.831267054,9.5001,43
2521,YNL168C,FMP41,P53889,28.792,56,1,2.118059669,1.082743233,0.010038197,7,2.348410126,16.177,15,9,2.182548343,9.856,15,7,1.823220537,20.208,19
1694,YMR287C,DSS1,P39112,110.82,9.9,1,1.844161265,0.88296482,0.004497148,4,1.724405511,13.401,6,2,1.985821236,NaN,1,4,1.822257048,45.75,5
908,YOR211C,MGM1,P32266,99.177,39,1,1.884648092,0.914295164,0.00096998,23,1.94303035,16.544,39,22,1.894944289,11.137,42,25,1.815969637,17.519,45
1002,YGR049W,SCM4,P32564,20.118,25.1,1,1.911433486,0.934654998,0.001726959,6,1.929943067,18.184,16,6,1.989178867,14.542,16,6,1.815178523,24.277,12
1758,YER154W,OXA1,P39952,44.815,29.1,1,1.888166508,0.916985995,0.001569896,7,1.969628331,13.518,24,7,1.889751876,15.144,27,7,1.805119318,7.0241,24
531,YAL010C,MDM10,P18409,56.236,33.7,1,1.747508958,0.805299851,0.004846451,8,1.825283832,9.1284,10,7,1.614856681,35.981,7,8,1.80238636,14.196,11
103,YKL053C-A,MDM35,O60200,9.7119,46.5,1,2.057701111,1.041033441,0.016745028,2,1.921857283,70.083,2,4,2.449119542,22.906,4,3,1.802126509,33.449,5
1144,YOR045W,TOM6,P33448,6.4074,34.4,1,1.861840995,0.896729869,0.000812156,1,1.907559659,24.78,11,1,1.879628585,17.485,14,1,1.798334742,22.792,22
1079,YKL040C,NFU1,P32860,29.174,50,1,2.065955675,1.046809301,0.009971787,11,2.306060327,9.5007,32,11,2.094021568,19.341,25,13,1.797785129,6.1799,32
951,YCR028C-A,RIM1,P32445,15.386,48.1,1,1.968467033,0.977072551,0.004874327,3,2.104421389,1.8228,19,5,2.006903749,8.6256,26,6,1.794075961,5.56,24
2997,YLR239C,LIP2,Q06005,37.237,22.6,1,1.478260425,0.563900451,0.121908284,4,1.557972143,13.507,5,2,1.100073705,29.461,3,5,1.776735426,24.983,5
290,YPL262W,FUM1,P08417,53.151,50.8,1,1.91763149,0.939325505,0.00366463,20,2.028109599,18.893,44,19,1.949279741,11.421,47,17,1.775505131,15.896,47
2890,YMR110C,HFD1,Q04458,59.978,30.6,1,1.848483878,0.886342461,0.001385154,12,1.921672624,9.5196,25,12,1.848463003,9.831,34,13,1.775316006,12.641,26
428,YFL036W,RPO41,P13433,153.05,14.3,1,1.738592635,0.797919938,0.000432224,12,1.749475157,27.21,12,6,1.6999864,76.333,5,12,1.766316347,23.492,12
1056,YPR024W,YME1,P32795,81.771,53.3,1,1.829567972,0.871503016,0.001184643,31,1.897965381,20.77,74,34,1.824484583,13.546,85,31,1.766253952,8.8015,82
554,YDR148C,KGD2,P19262,50.43,30,1,1.891608108,0.919613231,0.004016701,12,2.018530106,8.549,25,11,1.900707063,11.767,23,11,1.755587156,8.8986,24
1653,YOR266W,PNT1,P38969,48.933,27.9,1,1.732031726,0.792465357,0.000765127,7,1.679881736,27.907,13,7,1.760780378,24.4,11,8,1.755433065,7.9329,18
1085,YOR196C,LIP5,P32875,46.247,45.7,1,1.91699346,0.938845415,0.005033473,10,2.055371714,8.9451,20,10,1.940730103,16.003,15,14,1.754878562,13.023,29
93,YDR204W,COQ4,O13525,38.627,23,1,2.088989107,1.06280497,0.016695338,6,2.432439007,24.044,9,4,2.085114369,9.6941,5,4,1.749413946,4.5119,6
3273,YOL129W,VPS68,Q12016,20.101,6,1,1.674010943,0.743308959,0.002630308,1,1.684125434,1.0586,2,1,1.593193876,NaN,1,1,1.744713518,8.5079,2
1622,YHR198C,AIM18,P38884,36.501,26.8,1,1.669371179,0.739304768,0.004864004,6,1.55286737,38.831,6,5,1.715177607,78.715,8,6,1.740068559,13.851,9
545,YBR003W,COQ1,P18900,52.559,48.6,1,1.852690642,0.889622004,0.003180446,13,1.959055735,18.951,16,14,1.861608057,12.449,18,15,1.737408135,16.682,22
2970,YLR201C,COQ9,Q05779,29.958,30.4,1,1.709510979,0.773583688,0.039524486,6,2.009121411,17.779,11,7,1.387539892,28.736,7,7,1.731871634,18.468,10
495,YIL136W,OM45,P16547,44.58,53.9,1,2.083584651,1.059067714,0.039451499,21,2.725761169,14.014,39,21,1.794140338,18.788,39,16,1.730852445,25.239,41
251,YNL121C,TOM70,P07213,70.122,64.2,1,1.76970392,0.82350801,0.000743031,37,1.821029246,8.8798,134,39,1.76174201,13.233,132,38,1.726340503,11.539,156
1628,YHR208W;YJR148W,BAT1;BAT2,P38891;P47176,43.596,71,2,1.871838772,0.904456176,0.004756256,21,1.98822968,17.845,104,24,1.908069225,17.48,116,25,1.719217412,8.5666,128
3061,YPR125W,YLH47,Q06493,52.174,41,1,1.738465263,0.797814241,0.000265227,14,1.769128704,9.4172,29,14,1.729086696,6.7207,28,14,1.71718039,15.563,36
491,YGR193C,PDX1,P16451,45.361,56.1,1,1.844654649,0.883350744,0.005566851,14,1.998481154,20.631,31,14,1.82905639,12.946,36,13,1.706426402,7.7883,37
3460,YPR004C,AIM45,Q12480,36.802,50.3,1,1.93941125,0.955618758,0.009411631,10,2.115685694,5.7549,24,11,1.996645635,12.815,22,12,1.705902422,27.984,39
1308,YKR042W;YJL116C,UTH1;NAC3,P36135;P46955,36.955,26,2,1.788882903,0.839058955,0.001836452,5,1.838302879,4.658,16,6,1.82731841,11.346,17,6,1.701027421,8.9373,19
3168,YLR072W,LAM6,Q08001,78.211,18.8,1,1.721289426,0.7834897,0.006529716,8,1.865323634,15.823,13,9,1.60526527,16.228,12,8,1.693279374,35.389,12
2044,YFL010C,WWM1,P43582,22.655,38.9,1,1.577187255,0.657353957,0.030129313,4,1.336326705,5.8944,5,4,1.707300417,22.742,6,4,1.687934643,18.327,14
1803,YER080W,AIM9,P40053,72.413,54.4,1,1.835736295,0.876358829,0.005223263,28,1.951333737,6.5869,67,30,1.872203396,9.45,65,28,1.683671751,8.4476,63
2230,YDR234W,LYS4,P49367,75.15,40.1,1,1.830751478,0.872435961,0.004882783,15,1.876454252,11.447,26,16,1.933488012,9.9286,30,19,1.68231217,13.239,39
1466,YBR177C,EHT1,P38295,51.255,67.4,1,1.736442654,0.796134767,0.001424191,25,1.743983258,10.565,63,27,1.794752145,11.065,58,26,1.670592559,17.793,82
3349,YOR022C,DDL1,Q12204,81.768,23.8,1,1.804500426,0.851599484,0.009076663,9,2.007548382,40.079,10,7,1.739675029,54.958,8,8,1.666277868,21.543,7
2169,YJR100C,AIM25,P47140,37.479,23.5,1,1.77869881,0.830822238,0.013837416,5,2.027451696,20.562,6,4,1.644141922,35.249,4,5,1.664502813,33.938,6
315,YFL018C,LPD1,P09624,54.009,77.4,1,1.801761628,0.849408156,0.005554536,26,1.932852697,5.4081,113,30,1.811495752,11.024,114,30,1.660936436,7.1572,140
3527,YER048W-A,ISD11,Q6Q560,11.266,64.9,1,1.776365807,0.828928706,0.006680605,6,1.941521376,6.6979,17,6,1.727742359,9.0732,18,6,1.659833685,2.0337,12
2395,YGR101W,PCP1,P53259,38.815,5.8,1,1.799385905,0.847504627,0.014143232,2,2.058460272,11.65,6,2,1.687023416,9.7352,6,2,1.652674027,23.865,5
827,YGL119W,COQ8,P27697,56.741,37.9,1,1.825294768,0.868129465,0.006961433,14,1.939977108,15.949,19,11,1.887184133,11.458,11,15,1.648723064,30.112,19
1986,YOR125C,CAT5,P41735,26.059,35.6,1,1.839403211,0.879237764,0.022257152,5,2.187752959,7.6195,9,6,1.682114081,18.902,9,6,1.648342592,11.377,9
1745,YER017C,AFG3,P39925,84.543,39.3,1,1.615291956,0.691794949,0.001404292,15,1.642413691,14.229,24,16,1.557777985,7.7056,23,18,1.645684193,20.36,32
2999,YLR390W,ECM19,Q06011,12.515,41.1,1,1.663609957,0.734317225,0.000141994,2,1.675238303,2.2986,3,3,1.672017121,5.1295,4,3,1.643574446,5.9671,7
2469,YNR020C,ATP23,P53722,26.89,28.2,1,1.778305761,0.830503402,0.005145335,4,1.88586731,17.833,7,1,1.808710751,6.9427,4,3,1.640339222,13.713,7
1095,YHL004W,MRP4,P32902,44.151,26.4,1,1.779411474,0.831400161,0.004798543,6,1.852057636,13.591,13,8,1.845972089,13.481,10,9,1.640204698,16.99,15
2256,YMR060C,SAM37,P50110,37.492,41,1,1.585693216,0.66511368,0.002139018,8,1.522463956,18.268,14,9,1.597418572,10.341,12,11,1.637197119,16.467,20
1090,YNR017W,TIM23,P32897,23.243,64.4,1,1.70065115,0.766087235,0.001646568,7,1.762021391,13.935,37,9,1.704448611,17.184,43,10,1.635483449,5.0604,46
2126,YJL054W,TIM54,P47045,54.182,65.1,1,1.640111315,0.713793734,0.000374947,22,1.669755715,18.267,49,20,1.616057144,25.253,44,21,1.634521085,28.445,41
1386,YBR136W,MEC1,P38111,273.34,2.1,1,1.905741296,0.930352287,0.035220387,1,2.390457294,NaN,1,3,1.693766938,17.059,4,4,1.632999657,43.01,3
1921,YIL077C,RCI37,P40508,36.946,40.9,1,1.720578399,0.78289363,0.139489106,3,1.15446779,37.126,3,4,2.380272303,71.165,5,7,1.626995103,32.388,7
1572,YHR076W,PTC7,P38797,37.782,41.1,1,1.710763192,0.774640072,0.003273201,10,1.795622273,6.6945,15,7,1.721288901,6.6985,9,9,1.615378402,23.077,13
777,YCL009C,ILV6,P25605,33.986,87.1,1,1.751752285,0.808798778,0.005830252,19,1.867867083,48.914,85,19,1.77383592,19.455,86,18,1.613553852,15.581,89
3133,YDL119C,HEM25,Q07534,34.203,33.2,1,1.719075371,0.7816328,0.003531025,8,1.793078716,18.72,13,4,1.751712299,12.333,7,5,1.612435099,6.4701,11
2273,YML025C,YML6,P51998,31.969,49.3,1,1.617180231,0.693480473,0.000617045,12,1.655711376,21.086,17,13,1.593701691,15.5,22,10,1.602127625,7.5078,21
470,YDR194C,MSS116,P15424,76.268,53.9,1,1.659341333,0.730610685,0.002394076,28,1.738555955,9.4808,79,31,1.640823693,10.008,67,32,1.59864435,12.194,89
2513,YNL185C,MRPL19,P53875,16.67,68.4,1,1.655412121,0.727190426,0.001369663,8,1.697302986,2.2374,18,6,1.673248109,6.432,13,6,1.595685267,10.291,18
661,YHL021C,AIM17,P23180,53.134,42.8,1,1.970736558,0.978734934,0.04526634,12,2.560950625,46.023,30,12,1.758953071,18.259,33,13,1.592305978,5.7061,34
3172,YOL008W,COQ10,Q08058,23.765,33.3,1,1.690357621,0.757328503,0.01074996,3,1.877511171,35.59,5,5,1.617939716,2.4343,7,4,1.575621977,71.033,9
1249,YKL029C,MAE1,P36013,74.375,71.6,1,1.663907675,0.734575385,0.004452922,31,1.769222604,8.6663,91,37,1.64861434,18.546,90,32,1.573886082,10.761,103
1339,YBR268W,MRPL37,P36532,11.949,24.8,1,1.665624345,0.736063061,0.003864928,2,1.6718494,0.60475,2,2,1.753586084,3.0791,3,2,1.571437551,0.55815,3
1478,YBR227C,MCX1,P38323,57.945,37.3,1,1.734296487,0.794350556,0.009809005,19,1.894657067,54.807,35,12,1.739826365,15.504,25,15,1.568406029,26.313,28
2689,YPL063W,TIM50,Q02776,55.098,47.3,1,1.635152358,0.709425067,0.00240622,22,1.695892548,8.7729,60,21,1.647772212,19.774,62,19,1.561792313,13.275,67
2363,YGL002W,ERP6,P53198,25.275,9.3,1,1.527387364,0.611065994,0.005132243,1,1.584961882,NaN,1,1,1.436967424,NaN,1,2,1.560232787,1.1192,2
411,YNL071W,LAT1,P12695,51.817,57.3,1,1.662739871,0.733562483,0.005179307,21,1.76366843,19.277,74,23,1.670453027,14.295,76,23,1.554098157,9.8394,72
1730,YAL048C,GEM1,P39722,75.149,24.5,1,1.431893663,0.517924357,0.037277727,4,1.239264868,23.27,4,8,1.505162708,15.424,9,8,1.551253413,11.306,7
461,YMR228W,MTF1,P14908,39.726,37.2,1,1.832081411,0.873483613,0.019170284,8,2.047669752,9.7426,8,8,1.902334164,34.595,10,6,1.546240317,20.442,9
1348,YBR263W,SHM1,P37292,53.686,62.2,1,1.672101713,0.741662608,0.005861423,29,1.757901768,6.8707,94,27,1.713238192,12.467,104,27,1.545165178,8.6358,106
2709,YPL098C,MGR2,Q02889,12.252,32.7,1,1.642364401,0.715774262,0.004185829,2,1.722267193,35.042,8,1,1.660853679,18.086,6,2,1.543972332,76.028,8
3237,YOR356W,CIR2,Q08822,69.633,44.5,1,1.591465111,0.67035553,0.002090871,21,1.584283904,14.746,58,22,1.653493832,23.205,58,25,1.536617597,11.431,53
2977,YLR283W,PUT7,Q05867,36.574,24.5,1,1.218894829,0.28557365,0.286536883,2,1.00506553,21.95,2,2,1.120623963,6.4873,2,4,1.530994994,20.404,3
160,YOR187W,TUF1,P02992,47.972,78,1,1.660930801,0.731991968,0.007364583,24,1.74392243,20.928,57,25,1.71895144,49.67,65,25,1.519918532,30.012,84
1010,YPL029W,SUV3,P32580,84.323,12.1,1,1.756813477,0.812961027,0.015821292,5,1.859047052,10.624,5,3,1.894334047,22.271,3,2,1.517059332,1.4156,2
746,YCL017C,NFS1,P25374,54.466,67,1,1.596195236,0.674637124,0.004801648,18,1.687763713,14.785,46,18,1.592458118,11.796,39,22,1.508363878,10.208,51
3170,YLR077W,FMP25,Q08023,66.689,37.7,1,1.551000596,0.633199241,0.001346926,12,1.591216485,11.67,17,12,1.556396009,10.113,16,12,1.505389294,9.977,18
181,YDR268W,MSW1,P04803,43.015,31.1,1,1.689283303,0.756411297,0.019425746,9,1.924668476,12.725,17,6,1.647093703,7.8159,12,6,1.496087731,30.461,12
447,YHR083W,SAM35,P14693,37.404,44.1,1,1.610232834,0.687269312,0.006960225,9,1.709226404,13.198,11,7,1.629513753,16.834,8,6,1.491958345,4.1933,10
1767,YEL071W,DLD3,P39976,55.224,14.1,1,1.125695273,0.170816341,0.709887957,3,0.768049155,21.259,5,3,1.117768041,86.492,3,2,1.491268622,44.893,3
1687,YML129C,COX14,P39103,7.9589,40,1,1.514812047,0.5991388,0.000433569,3,1.53038581,5.3603,2,2,1.525157473,10.102,2,2,1.488892859,NaN,1
1318,YKR070W,,P36151,39.406,40.1,1,1.578838468,0.658863576,0.00455031,6,1.60846697,3.1462,11,8,1.643223347,4.0724,14,11,1.484825088,12.288,27
2598,YJR135W-A,TIM8,P57744,9.7638,96.6,1,1.504408913,0.589196759,0.000618029,7,1.49705081,9.3352,24,7,1.533859959,6.0181,20,8,1.48231597,4.3025,18
1800,YER073W,ALD5,P40047,56.692,54.4,1,1.588333492,0.667513858,0.007315245,22,1.691732503,11.32,65,23,1.597775896,8.073,73,22,1.475492077,9.7319,78
2916,YMR066W,SOV1,Q04748,104.75,10.4,1,1.647714415,0.720466214,0.0941718,2,2.178222135,21.413,2,3,1.293142466,44.599,3,7,1.471778644,22.937,10
1925,YIL065C,FIS1,P40515,17.733,55.5,1,1.477324372,0.562986629,0.011833974,7,1.590330789,7.6813,16,7,1.372156206,21.807,13,8,1.469486121,7.9433,19
89,YNL083W,SAL1,D6W196,55.714,15.6,1,1.723526022,0.785363081,0.031675096,5,1.654095541,6.3211,5,1,2.048592617,NaN,1,2,1.467889908,21.859,3
2417,YGR181W,TIM13,P53299,11.286,81.9,1,1.493736782,0.578925947,0.002012799,6,1.468924894,6.7272,21,7,1.547963654,13.241,23,6,1.464321799,33.592,22
3028,YLR454W,FMP27,Q06179,303.48,18.8,1,1.442673817,0.528745149,0.001033499,29,1.459662234,17.383,36,22,1.408867411,25.004,31,25,1.459491805,28.371,27
3134,YDL120W,YFH1,Q07540,19.49,13.8,1,1.656042233,0.727739465,0.016163998,2,1.799726442,0.81714,3,2,1.713854802,9.1445,3,1,1.454545455,6.6871,2
613,YDL066W;YNL009W;YLR174W,IDP1;IDP3;IDP2,P21954;P53982;P41939,48.19,75.2,3,1.568196182,0.649106052,0.006850889,30,1.628213687,21.247,110,33,1.622928737,18.489,144,32,1.453446121,12.973,155
1780,YER004W,FMP52,P40008,25.086,65.4,1,1.453233435,0.539266464,0.003401462,10,1.398249392,11.293,25,12,1.508068165,24.272,28,13,1.453382748,14.285,32
3156,YLL040C,VPS13,Q07878,357.85,15.5,1,1.558656354,0.640302884,0.013479828,20,1.50222329,16.869,21,20,1.720785366,27.073,19,28,1.452960407,26.923,31
1802,YER078C,ICP55,P40051,57.989,33.3,1,1.639822706,0.713539843,0.014915899,6,1.716414068,18.178,7,9,1.754786179,10.439,11,11,1.448267872,32.507,18
1055,YHR017W,YSC83,P32792,44.235,21.6,1,1.407910282,0.493555403,0.003781152,5,1.350530083,13.193,10,2,1.425415152,14.397,2,6,1.447785612,18.882,6
2399,YGR112W,SHY1,P53266,45.055,31.4,1,1.490763975,0.576051861,0.001834599,10,1.507818037,22.082,17,10,1.523530935,12.714,15,8,1.440942953,5.1707,13
2087,YLR289W,GUF1,P46943,73.188,7.1,1,1.250939535,0.323012058,0.175886044,1,1.013099375,NaN,1,2,1.306335728,NaN,1,2,1.433383502,NaN,1
1051,YBL013W,FMT1,P32785,44.616,8.5,1,1.41385461,0.499633772,0.108146005,2,1.689103593,8.8354,2,2,1.120636522,0.090911,2,2,1.431823714,29.609,2
1392,YBR176W,ECM31,P38122,34.465,26.9,1,1.455434193,0.54144961,0.007409155,7,1.549138679,5.1923,13,6,1.392621889,27.912,9,7,1.42454201,15.08,13
2163,YJR080C,AIM24,P47127,44.427,40.9,1,1.462642873,0.548577556,0.003242266,14,1.523879187,10.578,36,11,1.447638901,16.139,26,11,1.416410532,25.058,25
2310,YGL219C,MDM34,P53083,51.99,10.7,1,1.406559115,0.492170188,0.001881179,1,1.36819494,NaN,1,2,1.439511718,21.982,2,3,1.411970687,32.723,4
3075,YLR253W,MCP2,Q06567,65.916,15.6,1,1.429210336,0.515218253,0.000352467,7,1.442085833,25.127,10,8,1.435008467,8.0194,13,9,1.410536709,47.77,18
3345,YPL252C,YAH1,Q12184,18.932,9.9,1,2.021564942,1.01547255,0.14113668,1,3.186133945,NaN,1,2,1.468083857,29.154,3,2,1.410477023,16.415,4
3392,YOR285W,RDL1,Q12305,15.413,82,1,1.424052268,0.5100021,0.000978691,6,1.406509325,8.103,18,7,1.455667642,16.935,13,6,1.409979837,9.1738,15
1467,YBR179C,FZO1,P38297,97.807,43.6,1,1.466494376,0.552371538,0.002686801,20,1.499857514,13.147,29,20,1.490579537,17.775,27,24,1.409046076,13.017,37
2663,YKR006C,MRPL13,Q02204,30.271,47.3,1,1.461098705,0.547053643,0.002586583,7,1.497095634,10.166,10,9,1.480165779,19.109,15,7,1.406034701,15.263,17
2708,YPL099C,INA17,Q02888,21.842,29.7,1,1.403126394,0.488644974,0.006439396,3,1.46996134,17.876,10,5,1.337542133,10.476,9,4,1.40187571,5.8859,12
1951,YIR024C,INA22,P40576,24.597,22.2,1,1.23709135,0.306952037,0.399531406,1,0.85041245,NaN,1,2,1.46173186,16.387,3,2,1.399129741,27.373,2
1529,YHR091C,MSR1,P38714,73.693,15.9,1,1.558243518,0.639920712,0.020244722,3,1.541117002,4.0448,3,4,1.738193322,11.123,4,3,1.395420231,6.4002,3
3512,YLR099W-A,MIM2,Q3E798,9.9851,26.4,1,1.547504027,0.629943163,0.03229545,2,1.448330799,NaN,1,1,1.79901414,NaN,1,2,1.395167141,26.684,3
2938,YMR221C,FMP42,Q04991,56.177,14.3,1,1.349586826,0.432517796,0.003211978,5,1.315945309,17.685,8,5,1.339028669,6.7554,9,6,1.3937865,12.542,11
2686,YJR034W,PET191,Q02772,12.394,58.3,1,1.439687641,0.525755834,0.010358252,6,1.381558951,7.492,9,6,1.548730815,13.261,9,6,1.388773158,11.413,8
2012,YNL320W,,P42840,32.308,24.3,1,1.390269305,0.47536437,0.010179375,4,1.471540408,4.4217,8,4,1.310822148,15.181,5,4,1.388445358,23.211,8
767,YCL044C,MGR1,P25573,47.156,47,1,1.381795695,0.466544322,0.002070547,13,1.414167126,8.5803,30,13,1.344411282,26.99,34,14,1.386808676,16.588,25
2932,YDR231C,COX20,Q04935,23.758,49.3,1,1.410778929,0.496491933,0.023737472,10,1.554557184,11.601,18,7,1.294347584,20.385,12,9,1.383432018,10.116,13
2565,YNL026W,SAM50,P53969,54.405,40.3,1,1.478365047,0.564002553,0.007674568,17,1.519849231,12.86,42,12,1.536239899,10.505,27,16,1.379006012,12.701,41
529,YBR085W,AAC3,P18238,33.313,22.8,1,1.715534439,0.778658088,0.038478829,2,1.855976244,114.67,3,1,1.91905429,38.999,3,2,1.371572783,163.75,2
2188,YDR019C,GCV1,P48015,44.468,32.8,1,1.605577262,0.683092091,0.060818547,11,2.00060018,21.789,19,11,1.452749328,5.822,17,12,1.363382279,6.3542,24
1796,YER057C,HMF1,P40037,13.906,23.3,1,1.288660515,0.36587225,0.015091845,2,1.215273558,19.724,3,2,1.29683184,12.71,2,2,1.353876147,3.1537,2
483,YOR330C,MIP1,P15801,143.5,4.4,1,1.642233113,0.715658931,0.122210493,2,1.30565348,35.366,2,2,2.268396697,9.4665,2,3,1.352649163,31.261,2
2209,YNL305C,BXI1,P48558,33.645,4.4,1,1.982285836,0.987165007,0.085432037,1,1.890466378,NaN,1,1,2.708118941,NaN,1,1,1.348272189,NaN,1
2590,YLL001W,DNM1,P54861,84.971,39,1,1.494789945,0.579942764,0.036231165,17,1.731092146,24.182,22,17,1.406548892,40.191,24,19,1.346728796,14.866,30
1670,YNL169C,PSD1,P39006,56.594,31.6,1,1.404542097,0.490099866,0.010513688,13,1.503488092,9.66,36,11,1.366250871,12.448,26,12,1.343887328,9.2192,35
279,YMR108W,ILV2,P07342,74.936,55,1,1.450058898,0.5361115,0.012325442,27,1.536877373,12.593,135,28,1.476472412,13.094,143,28,1.336826908,8.9825,156
2891,YMR115W,MGR3,Q04472,58.003,40.1,1,1.362049578,0.445779218,0.001109204,13,1.365299547,9.5873,22,15,1.384504624,18.072,20,14,1.336344563,17.682,19
2897,YDR116C,MRPL1,Q04599,30.996,53.3,1,1.449678628,0.535733112,0.030199327,12,1.643007361,23.291,19,9,1.371930306,33.514,13,10,1.334098216,22.56,19
846,YMR152W,YIM1,P28625,41.637,18.4,1,1.139242504,0.188074878,0.885987976,3,1.516070346,22.187,4,2,0.576767793,39.526,2,3,1.324889372,44.854,3
505,YGR008C,STF2,P16965,9.6144,19,1,1.390439205,0.475540666,0.195154189,1,1.805608219,NaN,1,1,1.043972105,10.324,3,1,1.321737291,NaN,1
2649,YKL106W,AAT1,Q01802,51.795,59.6,1,1.36141402,0.445105872,0.002683796,21,1.39528394,13.343,36,16,1.367989056,11.091,28,20,1.320969063,9.5345,31
522,YDR513W,GRX2,P17695,15.861,38.5,1,1.491465042,0.576730163,0.023388286,5,1.60436387,13.766,19,6,1.554726368,10.653,24,6,1.315304888,3.2289,29
1066,YBR091C,TIM12,P32830,12.284,36.7,1,1.307702996,0.387034915,0.000275817,3,1.312249852,4.4847,4,3,1.296159479,22.544,5,4,1.314699657,7.0039,7
2432,YGR266W,,P53326,81.19,44.1,1,1.304065991,0.383016878,0.017007837,16,1.223406208,12.046,23,21,1.380319406,34.924,29,19,1.308472359,16.616,33
1306,YKR036C,CAF4,P36130,72.831,19.4,1,1.117549522,0.160338763,0.359560952,3,1.078062506,16.367,3,6,0.968147933,41.129,5,8,1.306438127,27.307,8
1795,YER053C,PIC2,P40035,33.528,34.3,1,1.48033337,0.565922107,0.05843409,8,1.776640728,8.6341,17,8,1.359915141,5.7997,16,9,1.304444242,4.7436,19
3315,YDR033W,MRH1,Q12117,36.19,22.5,1,1.36217231,0.44590921,0.005873451,4,1.400658309,12.182,26,5,1.387174187,9.5417,36,4,1.298684433,11.584,31
853,YDR036C,EHD3,P28817,56.288,31.4,1,1.343152957,0.425623607,0.0571144,9,1.536523155,14.122,18,9,1.206083485,26.422,9,10,1.286852231,10.036,15
601,YJR051W,OSM1,P21375,55.064,40.1,1,1.36887895,0.452994875,0.010210767,14,1.388503194,6.6669,15,14,1.431844215,19.977,12,11,1.286289441,16.033,16
2699,YPL083C,SEN54,Q02825,54.648,11.3,1,1.282458912,0.358912604,0.023558633,4,1.196759176,5.3758,5,2,1.368138784,NaN,1,3,1.282478775,8.214,4
2910,YMR059W,SEN15,Q04675,14.89,21.1,1,1.239012461,0.309190697,0.139204982,1,1.041786038,NaN,1,1,1.394136263,5.4203,2,2,1.281115083,19.432,5
321,YDR232W,HEM1,P09950,59.362,41.1,1,1.313007978,0.392875682,0.002472592,14,1.325240531,5.3235,28,13,1.335648457,15.932,30,9,1.278134945,8.4442,22
1863,YMR089C,YTA12,P40341,93.275,40.5,1,1.340410946,0.422675373,0.006569233,20,1.376538282,25.924,37,24,1.367147447,11.956,41,24,1.27754711,13.449,46
2018,YLR139C,SLS1,P42900,73.256,17.1,1,1.414516729,0.500309239,0.024563645,6,1.526880735,32.935,6,6,1.447408415,9.0919,7,4,1.269261036,5.1027,8
2722,YPL109C,MCO76,Q02981,76.175,6.8,1,1.23995584,0.310288741,0.138522161,3,1.046189256,55.157,4,3,1.405817272,2.4552,3,1,1.267860992,0.58476,2
868,YDR353W,TRR1,P29509,34.238,34.5,1,1.025556363,0.036406782,0.941971185,2,0.991276764,NaN,1,3,0.824946378,21.484,3,4,1.260445946,21.121,4
3129,YDL086W,,Q07505,30.837,5.5,1,1.162112041,0.216749167,0.247542654,1,0.966650556,NaN,1,1,1.26305685,NaN,1,1,1.256628716,NaN,1
123,YJR104C,SOD1,P00445,15.854,71.4,1,1.237087869,0.306947977,0.077676685,8,1.099674496,3.0395,20,8,1.360525707,14.749,21,7,1.251063404,9.5309,18
52,YKL195W,MIA40,P36046,44.536,48.6,1,1.272741445,0.347939368,0.002340587,9,1.298633837,9.9156,31,12,1.2724589,29.546,36,16,1.247131597,22.924,43
2980,YLR290C,COQ11,Q05892,31.524,46.6,1,1.480815413,0.566391817,0.055370345,8,1.725774441,19.758,10,8,1.471605374,11.622,12,11,1.245066424,22.837,14
1176,YBL057C,PTH2,P34222,22.435,46.6,1,1.27185941,0.346939205,0.005280573,8,1.258431491,12.477,18,7,1.315650984,37.282,26,8,1.241495754,12.355,20
1699,YJR016C,ILV3,P39522,62.86,72.8,1,1.344004773,0.426538262,0.02015997,32,1.423345716,8.8878,147,31,1.372834354,26.598,142,29,1.23583425,9.5263,159
2245,YGR235C,MIC26,P50087,26.912,44.2,1,1.206646434,0.271003006,0.009361713,6,1.163724384,19.979,15,6,1.220777635,9.8964,14,5,1.235437283,12.278,11
2415,YGR178C,PBP1,P53297,78.78,38.2,1,1.281131667,0.357418755,0.008106805,16,1.286223263,13.426,32,18,1.327915438,18.1,29,19,1.2292563,22.426,33
833,YGR029W,ERV1,P27882,21.639,56.6,1,1.233976981,0.303315482,0.002581091,8,1.259731425,17.03,16,5,1.215687228,9.2212,9,8,1.22651229,19.39,11
1158,YBL080C,PET112,P33893,61.868,18.9,1,1.152764901,0.205098315,0.206091652,3,1.243580018,28.595,3,2,0.988924051,38.628,2,4,1.225790635,35.482,4
1987,YLL006W,MMM1,P41800,48.659,25.4,1,1.25932474,0.332650357,0.004286919,7,1.291389018,17.25,8,8,1.26104995,34.241,11,9,1.225535253,20.906,15
536,YLR393W,ATP10,P18496,32.094,30.5,1,1.250871302,0.322933363,0.023960783,6,1.337810539,11.897,8,6,1.191142663,24.582,9,8,1.223660703,3.1004,9
3514,YBL059C-A,CMC2,Q3E7A4,12.947,41.3,1,1.178535271,0.236994936,0.039591794,4,1.101309457,1.5731,4,2,1.210800339,10.893,3,5,1.223496018,12.695,9
570,YFR049W,YMR31,P19955,13.689,69.1,1,1.369864604,0.454033305,0.048601509,6,1.557535356,8.0939,7,4,1.328727079,23.465,9,7,1.223331376,32.275,9
164,YHL038C,CBP2,P03874,73.86,20.2,1,1.31017965,0.389764646,0.027059353,7,1.423426758,19.628,7,6,1.285991692,16.241,6,6,1.2211205,23.843,6
1705,YJL200C,ACO2,P39533,86.582,28.9,1,1.229976091,0.298630272,0.001662827,12,1.248190124,12.95,28,11,1.229543471,31.391,18,14,1.212194678,21.481,35
293,YJL208C,NUC1,P08466,37.209,69.9,1,1.214204656,0.28001161,0.004738364,11,1.243657348,12.312,25,12,1.187422818,10.24,25,14,1.211533802,13.064,30
3510,YAL044W-A,BOL1,Q3E793,12.537,34.5,1,1.077788549,0.108074164,0.558858236,1,1.137643485,4.2302,2,3,0.886210564,36.554,2,2,1.209511599,8.0739,2
1722,YAR008W,SEN34,P39707,31.313,16,1,1.165830009,0.221357443,0.023544471,2,1.113709767,8.935,2,3,1.175875733,43.072,4,3,1.207904527,28.217,4
186,YNL055C,POR1,P04840,30.428,92.2,1,1.277003276,0.352762226,0.016956813,20,1.349527665,4.3933,111,21,1.274015186,5.165,141,21,1.207466976,6.6606,182
1329,YLR439W,MRPL4,P36517,36.964,35.7,1,1.328287684,0.409567643,0.048222268,7,1.495550737,17.968,13,5,1.282034846,9.1713,6,8,1.207277469,25.695,15
1593,YHR117W,TOM71,P38825,71.855,47.3,1,1.222597579,0.289949616,0.000998374,19,1.229951786,11.13,34,20,1.230723789,12.032,41,23,1.207117163,18.161,48
2816,YDR236C,FMN1,Q03778,24.537,38.5,1,1.391081827,0.476207285,0.121218729,4,1.227716938,1.7566,4,4,1.744500462,50.749,5,5,1.20102808,49.105,5
3145,YLL007C,LMO1,Q07799,76.621,8.6,1,1.282066173,0.358470728,0.164505414,3,1.082731515,10.221,3,2,1.564871759,55.66,2,3,1.198595246,10.911,3
122,YKR066C,CCP1,P00431,40.352,50.7,1,1.247307436,0.318817104,0.010432893,15,1.248345942,17.342,36,14,1.295756398,19.577,30,15,1.197819968,38.619,37
1052,YJR144W,MGM101,P32787,30.09,68.4,1,1.279630096,0.355726829,0.017871785,11,1.334792707,4.3709,24,13,1.306779572,9.121,33,11,1.197318008,6.9328,30
2367,YGR012W,MCY1,P53206,42.8,59,1,1.239430793,0.309677717,0.008588774,18,1.249968751,8.5781,50,17,1.275803118,13.281,53,18,1.192520511,12.003,57
1320,YKR079C,TRZ1,P36159,96.815,7.5,1,1.226145994,0.294130768,0.082671034,1,1.113970302,NaN,1,1,1.372231523,NaN,1,5,1.192236158,10.284,5
3537,YOL009C,MDM12,Q92328,30.728,18.8,1,1.211388024,0.276661053,0.014322657,2,1.180581791,15.831,2,3,1.267989602,38.694,3,3,1.185592678,20.766,3
2052,YFR011C,MIC19,P43594,18.855,53.5,1,1.215044555,0.281009218,0.005910075,7,1.246354413,8.7474,16,6,1.215613338,5.4426,9,5,1.183165915,18.128,15
1274,YKL137W,CMC1,P36064,13.007,40.5,1,1.141860798,0.191386785,0.327051043,2,0.942240648,26.06,3,4,1.304291118,14.279,4,3,1.179050628,10.221,3
1289,YKL027W,TCD2,P36101,50.265,50.3,1,1.201788759,0.265183332,0.005191708,19,1.22651229,13.866,43,18,1.206782115,12.748,37,19,1.172071871,11.908,47
1549,YHR003C,TCD1,P38756,48.883,45.7,1,1.208447221,0.273154465,0.009037285,12,1.247598373,6.8638,24,15,1.205836247,16.452,27,12,1.171907044,11.189,24
2613,YER093C-A,AIM11,P87275,15.753,23.4,1,1.072052977,0.100376201,0.368666141,1,1.0863189,6.3253,2,1,0.960153625,24.322,2,2,1.169686407,11.096,2
61,YER014W,HEM14,P40012,59.702,49,1,1.206538535,0.270873994,0.008909874,16,1.237792274,11.832,27,17,1.216145548,14.912,30,16,1.165677783,28.743,29
672,YGR076C,MRPL25,P23369,18.587,36.9,1,1.171740036,0.228652526,0.012747949,6,1.211298997,20.371,9,5,1.138718714,14.631,6,3,1.165202396,20.041,4
2673,YMR072W,ABF2,Q02486,21.561,59.6,1,1.266262485,0.340576494,0.043298343,13,1.384351293,26.846,48,13,1.25015627,12.588,50,15,1.164279893,7.5833,49
709,YML008C,ERG6,P25087,43.43,64.5,1,1.124087328,0.16875412,0.02168066,23,1.098997714,7.2811,79,23,1.110148982,12.399,93,22,1.163115288,16.863,93
499,YLR105C,SEN2,P16658,44.109,22.5,1,1.329049043,0.410394342,0.065466023,3,1.505321311,30.792,3,3,1.321248315,8.7568,3,4,1.160577503,4.995,2
3053,YLR426W,TDA5,Q06417,36.677,4.9,1,1.135118849,0.182843358,0.43901015,1,1.346239281,2.2202,3,1,0.898714838,NaN,1,2,1.160402428,10.093,3
2362,YGL005C,COG7,P53195,31.775,37.3,1,1.110177175,0.150789937,0.08738384,3,1.039760439,11.024,3,7,1.133658315,160.79,9,5,1.157112772,22.078,9
57,YHR004C,NEM1,P38757,50.641,10.5,1,1.277710418,0.353560899,0.04195819,2,1.303916967,2.5273,2,1,1.373852833,NaN,1,1,1.155361455,NaN,1
2948,YMR031C,EIS1,Q05050,93.344,58.1,1,1.269612961,0.344388761,0.053360778,33,1.402465534,15.094,58,36,1.253117129,11.496,78,40,1.153256219,12.294,93
1393,YBR192W,RIM2,P38127,42.101,30.2,1,1.175764786,0.233599476,0.004972509,9,1.190136152,6.7661,19,7,1.188142339,8.2687,12,10,1.149015868,10.075,14
792,YCR071C,IMG2,P25642,16.38,43.8,1,1.37047073,0.454671516,0.080411123,4,1.539361473,8.4939,9,5,1.438186734,30.704,6,6,1.133863982,35.934,8
3327,YLR087C,CSF1,Q12150,338.25,2.2,1,1.452373235,0.538412249,0.327434142,5,1.023164443,14.256,4,1,2.208285487,NaN,1,1,1.125669774,NaN,1
1084,YMR207C,HFA1,P32874,259.16,7.1,1,1.131675085,0.178459805,0.007356874,4,1.155334758,16.615,5,6,1.115336999,53.43,8,6,1.124353497,10.659,7
910,YBL015W,ACH1,P32316,58.711,48.5,1,1.271736213,0.346799454,0.107064269,16,1.480976852,29.301,32,13,1.215450811,9.4229,27,16,1.118780976,13.747,34
3472,YOR090C,PTC5,Q12511,63.668,46.3,1,1.173133506,0.230367206,0.054427181,18,1.136389463,11.85,29,12,1.264430311,16.038,22,17,1.118580745,20.188,31
3015,YLR348C,DIC1,Q06143,32.991,57,1,1.099284145,0.136564345,0.004901475,16,1.087654039,9.6862,45,13,1.097405733,11.33,40,14,1.112792664,11.781,36
1240,YKL134C,OCT1,P35999,88.182,28.6,1,1.280390236,0.35658358,0.088300372,9,1.280524503,8.3743,10,9,1.449695564,17.826,8,12,1.11095064,23.004,15
593,YIL125W,KGD1,P20967,114.41,49.8,1,1.196127921,0.258371688,0.06953632,31,1.310066551,8.4743,83,32,1.16952225,10.407,80,34,1.108794962,10.066,106
3458,YOR086C,TCB1,Q12466,133.57,34.1,1,1.166111202,0.221705373,0.031636592,24,1.181460521,9.7426,58,27,1.212547441,17.918,52,28,1.104325644,26.593,58
1338,YBR122C,MRPL36,P36531,20.09,42.4,1,1.444442506,0.530512781,0.110739426,3,1.654944146,10.616,3,6,1.575944779,40.499,6,5,1.102438594,25.65,5
3052,YLR422W,DCK1,Q06409,221.56,6.8,1,1.210188418,0.275231683,0.073119452,5,1.236323175,7.6096,5,8,1.305534159,10.604,8,5,1.088707921,105.77,5
1445,YBR078W,ECM33,P38248,43.768,11.2,1,1.015395164,0.022041295,0.905685859,5,0.870852565,15.233,11,5,1.086862012,20.765,13,5,1.088470916,18.017,15
2112,YJL131C,AIM23,P47015,41.461,19.9,1,1.209414768,0.2743091,0.135909539,3,1.395245005,9.2785,3,4,1.145475372,19.03,4,3,1.087523926,23.087,2
261,YPR191W,QCR2,P07257,40.478,69.3,1,1.162258361,0.216930805,0.056290957,25,1.228486137,11.881,97,22,1.17532292,11.607,82,23,1.082966027,12.736,91
2307,YGL226W,MTC3,P53077,14.488,25.2,1,1.124598787,0.169410396,0.092472755,3,1.211504446,15.771,3,1,1.080345278,5.6872,2,2,1.081946638,44.244,3
1376,YBR056W,MRX18,P38081,57.821,9,1,1.143653224,0.193649668,0.260074973,2,1.019659026,3.0888,2,2,1.333795716,NaN,1,2,1.07750493,3.8376,2
498,YOR176W,HEM15,P16622,44.596,47.8,1,1.110218199,0.150843247,0.031475889,16,1.139159756,6.6269,53,18,1.121793074,9.1123,53,16,1.069701767,11.307,55
979,YMR064W,AEP1,P32493,59.747,9.7,1,0.99040337,-0.013911871,0.817402209,2,0.909173561,25.389,2,3,1.006471612,38.356,3,1,1.055564938,NaN,1
334,YLR256W,HAP1,P0CE41,166.11,5.9,1,1.254031566,0.326573664,0.15829203,1,1.482118243,NaN,1,4,1.224589762,33.062,4,2,1.055386694,11.911,4
3230,YOR297C,TIM18,Q08749,21.972,26.6,1,1.290749816,0.368209393,0.125832403,4,1.420817823,14.308,6,3,1.39697973,7.8556,3,3,1.054451896,28.405,6
3513,YJL133C-A,DPI8,Q3E7A3,7.7407,21.6,1,3.844163378,1.942669652,0.542403307,1,9.863878477,NaN,1,1,0.615081806,63.342,2,1,1.053529852,89.359,2
1786,YER019W,ISC1,P40015,53.94,29.1,1,1.125209223,0.170193283,0.096225764,7,1.192833457,13.003,6,4,1.138614989,19.61,7,9,1.044179223,20.571,14
247,YOR065W,CYT1,P07143,34.054,40.1,1,1.089530341,0.123706373,0.059194716,8,1.119607689,7.6202,39,7,1.10563209,8.3629,40,7,1.043351244,7.4125,49
3184,YOL042W,NGL1,Q08213,42.397,11.3,1,1.006222223,0.008948958,0.745389858,2,0.994332306,18.619,2,2,0.986096046,13.535,2,2,1.038238317,10.557,2
2347,YGL064C,MRH4,P53166,63.057,27.6,1,1.026194409,0.037304071,0.292040874,6,0.990982063,6.7863,7,8,1.052886488,34.736,9,9,1.034714677,25.434,9
2471,YNR022C,MRPL50,P53724,16.283,40.3,1,0.972705211,-0.039925448,0.55158176,4,0.898230486,93.098,5,2,0.985512959,28.583,2,3,1.034372188,21.563,3
2621,YDR150W,NUM1,Q00402,313.03,36.1,1,1.011115743,0.015948153,0.699131819,26,0.964320154,14.896,34,25,1.038863898,19.264,36,35,1.030163178,14.642,48
3339,YOR108W,LEU9,Q12166,67.199,56.6,1,1.094511677,0.130287346,0.097644414,14,1.122725078,10.651,27,14,1.131208923,8.7618,26,13,1.02960103,10.113,33
527,YNL130C,CPT1,P17898,44.829,7.6,1,1.083956322,0.116306625,0.189522965,3,1.0801119,7.7875,5,2,1.161656057,11.218,4,2,1.01010101,13.194,3
497,YHR042W,NCP1,P16603,76.771,58.5,1,1.05053217,0.071120342,0.158478088,25,1.054952474,8.2128,68,24,1.088305074,9.2606,66,26,1.008338963,21.765,74
719,YCR008W,SAT4,P25333,66.665,9.6,1,0.761215175,-0.393623773,0.216089877,3,0.56119872,18.898,4,1,0.717411579,15.307,2,2,1.005035226,1.4061,2
1508,YIL043C,CBR1,P38626,31.493,61.6,1,1.020766911,0.029653468,0.427327935,17,1.019004433,10.599,62,16,1.057686206,12.27,58,16,0.985610093,11.028,59
311,YBR084W,MIS1,P09440,106.22,55.3,1,1.054252388,0.076220289,0.274123441,39,1.100158423,6.9746,86,45,1.079121164,22.391,115,46,0.983477577,22.626,131
674,YKR052C,MRS4,P23500,33.307,28,1,0.938979439,-0.090834528,0.235579617,4,0.965810315,20.034,4,1,0.868809731,53.136,3,3,0.982318271,25.921,4
260,YBL045C,COR1,P07256,50.227,58,1,1.064492569,0.090165879,0.30452061,18,1.14153948,10.876,74,20,1.071834337,7.316,66,21,0.980103891,5.702,83
2062,YFR045W,MRX20,P43617,34.391,22,1,0.971761658,-0.041325585,0.45502289,3,1.021429593,12.695,4,3,0.914327512,15.022,3,3,0.979527868,16.956,3
3486,YDL171C,GLT1,Q12680,238.1,28.8,1,0.962050195,-0.055815926,0.410134797,29,0.891662951,27.757,47,34,1.016683781,10.643,52,36,0.977803853,10.901,54
1412,YBL098W,BNA4,P38169,52.429,38,1,0.999779836,-0.000317664,0.979004629,11,1.003854802,14.34,20,9,1.021680051,9.1879,14,10,0.973804655,6.3397,16
1141,YKL141W,SDH3,P33421,22.068,23.2,1,0.994944811,-0.007311593,0.892660015,4,1.089514512,5.518,10,2,0.92208391,12.167,4,5,0.97323601,5.4405,10
1295,YKR016W,MIC60,P36112,61.081,55.6,1,1.032076402,0.045549773,0.453840574,22,1.090512541,9.1486,54,21,1.033143235,14.932,53,24,0.972573429,16.15,72
3259,YPL222W,FMP40,Q08968,78.312,8.7,1,0.931654305,-0.102133359,0.427412992,1,1.028510306,NaN,1,2,0.79586152,69.262,2,3,0.97059109,35.738,3
3404,YDR032C,PST2,Q12335,20.965,47.5,1,0.994251422,-0.008317374,0.685451503,5,1.006704653,3.0453,15,5,1.0067756,4.926,20,6,0.969274014,8.3143,26
2107,YJL161W,FMP33,P46998,20.185,18.9,1,0.995275777,-0.006831764,0.898293321,2,1.168852421,27.52,2,1,0.847888757,NaN,1,2,0.969086152,54.568,4
802,YHR120W,MSH1,P25846,109.41,16.2,1,0.993511965,-0.009390753,0.673974194,8,1.004540523,19.785,9,5,1.009438248,8.3745,5,8,0.966557124,19.091,9
911,YEL052W,AFG1,P32317,58.264,26.5,1,1.026135971,0.037221911,0.607524717,8,1.096827974,13.771,11,6,1.026926,37.071,10,7,0.954653938,10.17,13
249,YDR226W,ADK1,P07170,24.254,36,1,0.943838964,-0.083387365,0.446183221,6,0.834376304,3.7359,8,6,1.048283959,20.953,9,7,0.948856628,11.318,13
161,YBR118W,TEF2,P02994,50.032,79.9,1,0.946691509,-0.079033712,0.188197703,35,0.907852928,30.737,349,40,0.998601957,28.735,445,34,0.933619643,30.243,512
1259,YKL213C,DOA1,P36037,79.505,12.9,1,0.809141234,-0.30553655,0.16051127,3,0.661025912,18.678,2,3,0.832778148,5.104,2,4,0.933619643,41.959,4
3041,YLR190W,MMR1,Q06324,54.816,15.7,1,1.152436037,0.20468668,0.379516052,5,1.133863982,38.581,6,3,1.390085907,43.618,4,3,0.933358223,56.792,4
1695,YJL143W,TIM17,P39515,16.584,25.3,1,0.968590311,-0.046041523,0.262281242,3,0.982897582,6.7488,6,3,0.993936984,4.2722,4,3,0.928936368,11.104,6
1178,YBL059W,IAI11,P34224,22.278,19.7,1,0.878438207,-0.18698729,0.395571218,3,1.056077727,2.1217,3,2,0.662646611,63.362,2,3,0.916590284,11.848,3
3111,YPR097W,,Q06839,123.08,4.2,1,1.123542085,0.168054166,0.614810352,2,0.962927299,14.756,2,1,1.491780291,NaN,1,3,0.915918666,38.247,3
1821,YER141W,COX15,P40086,54.658,26.7,1,0.95613377,-0.064715619,0.211950298,11,0.996512207,13.03,26,10,0.958313368,27.075,26,10,0.913575735,19.583,18
1916,YIL087C,AIM19,P40502,16.923,25.5,1,1.037369775,0.05293024,0.688285487,2,1.15928588,12.854,4,3,1.039414602,6.2033,6,4,0.913408842,13.048,6
639,YLR043C,TRX1,P22217,11.235,53.4,1,0.892186872,-0.164582176,0.296807,2,0.75454614,6.5495,2,2,1.017200867,98.355,3,3,0.904813608,6.6696,5
537,YOL140W,ARG8,P18544,46.681,18.9,1,1.049561304,0.069786436,0.632513716,2,1.172566631,6.688,4,5,1.072121621,17.494,4,3,0.903995661,3.7319,3
732,YCR004C,YCP4,P25349,26.35,50.6,1,0.955836929,-0.065163587,0.244557432,5,0.990687537,16.142,15,8,0.97323601,11.922,25,7,0.903587241,10.288,25
120,YIL111W,COX5B,P00425,17.197,27.8,1,0.954773133,-0.066770125,0.271032554,3,0.990393186,10.436,5,3,0.977708252,12.416,6,2,0.89621796,13.722,5
1324,YKR087C,OMA1,P36163,39.328,27.8,1,1.207073452,0.271513469,0.413115283,6,1.553180915,15.23,6,3,1.172704138,8.5148,6,4,0.895335303,35.813,4
1416,YBL090W,MRP21,P38175,20.394,21.5,1,0.952243875,-0.070596992,0.276950758,2,0.958588957,8.4326,2,2,1.004247969,10.482,2,4,0.893894699,12.865,5
1332,YDL202W,MRPL11,P36521,28.515,38.2,1,0.835361592,-0.259527281,0.091267158,7,0.739535572,31.291,11,7,0.873133677,42.259,15,8,0.893415528,32.422,16
1846,YMR038C,CCS1,P40202,27.33,10,1,0.878044232,-0.187634477,0.307326041,1,0.71787509,0.95773,2,2,1.024674154,118.44,3,2,0.891583452,29.201,3
2215,YDL182W;YDL131W,LYS20;LYS21,P48570;Q12122,47.098,22.4,2,0.833385589,-0.262943942,0.308638772,1,0.608087565,NaN,1,7,1.002626882,17.497,6,4,0.88944232,15.193,4
3399,YDL217C,TIM22,Q12328,21.864,36.7,1,0.947452051,-0.077875163,0.246111183,6,0.970214417,7.8659,8,4,0.987264291,15.927,6,6,0.884877444,15.891,10
110,YFR033C,QCR6,P00127,17.257,46.3,1,0.888445632,-0.170644601,0.008509901,4,0.874125874,14.033,16,4,0.907194049,11.105,16,4,0.884016973,11.433,17
1488,YBR269C,SDH8,P38345,15.504,36.2,1,0.949513629,-0.074739386,0.316642141,3,1.013664193,10.795,5,2,0.953197979,9.5309,4,4,0.881678716,2.9627,8
2823,YMR158W,MRPS8,Q03799,17.47,52.3,1,0.943965204,-0.083194414,0.343344013,4,1.035475387,1.927,6,6,0.915750916,15.498,15,6,0.880669309,15.708,15
530,YBL030C,PET9,P18239,34.426,51.9,1,0.91086505,-0.134690769,0.043993114,11,0.926784059,7.8655,55,15,0.931532371,7.7893,72,15,0.87427872,9.2585,86
747,YCL057W,PRD1,P25375,81.933,20.1,1,0.954122627,-0.067753397,0.430671323,5,0.948226816,139.53,5,4,1.040626041,30.097,5,9,0.873515024,22.294,11
2000,YOL059W,GPD2,P41911,49.421,30.2,1,0.826036656,-0.275722291,0.058945457,6,0.747272456,10.632,9,5,0.857780065,14.816,12,8,0.873057447,11.047,15
3113,YPL188W,POS5,Q06892,46.246,24.9,1,0.924221396,-0.113689606,0.146154458,7,0.972195217,9.3422,11,6,0.935716291,14.109,9,5,0.864752681,34.739,12
1854,YOL038W,PRE6,P40303,28.439,24.4,1,0.908349389,-0.13868077,0.446857807,3,0.745990302,52.129,3,3,1.114379959,14.374,3,5,0.864677907,34.773,6
707,YDL230W,PTP1,P25044,38.868,20,1,0.975880135,-0.035224139,0.774662159,2,0.844951415,40.555,2,2,1.22431989,36.681,2,2,0.858369099,NaN,1
2644,YDR077W,SED1,Q01589,34.431,4.1,1,0.805610232,-0.311846088,0.147585005,1,0.658587987,NaN,1,1,0.906453952,NaN,1,1,0.851788756,NaN,1
2373,YGR031W,IMO32,P53219,38.51,12.9,1,0.911237827,-0.134100458,0.266135184,2,1.029145398,NaN,1,3,0.865501125,8.5214,3,3,0.839066958,49.411,3
2379,YGR046W,TAM41,P53230,44.199,3.1,1,0.956425102,-0.0642761,0.592015177,1,1.096371012,NaN,1,1,0.944197904,NaN,1,1,0.828706389,NaN,1
3370,YPR011C,MRX21,Q12251,35.913,35,1,0.768550365,-0.379788289,0.025800721,6,0.769882208,19.231,8,4,0.710277719,26.928,7,5,0.825491167,13.439,7
3098,YLR419W,,Q06698,163.04,8.4,1,0.905908504,-0.142562749,0.257640712,6,0.87657784,29.802,5,4,1.022683111,33.667,5,8,0.81846456,49.183,9
953,YGR286C,BIO2,P32451,41.884,18.7,1,0.851754669,-0.231490144,0.029513771,6,0.895014768,23.253,10,6,0.848824378,8.4576,8,6,0.811424862,14.274,8
3196,YOL109W,ZEO1,Q08245,12.589,73.5,1,0.761079062,-0.393881763,0.050866313,11,0.665557404,13.446,40,12,0.806386582,15.216,48,11,0.811293201,12.212,55
2374,YGR033C,TIM21,P53220,27.205,23.4,1,0.810060567,-0.303898314,0.000829967,5,0.806516655,3.8102,7,5,0.819806526,24.158,10,5,0.803858521,7.9714,9
257,YBL099W,ATP1,P07251,58.607,65.5,1,0.83346664,-0.262803639,0.010165632,32,0.854700855,16.452,137,33,0.842034355,10.074,153,31,0.803664711,7.6595,186
1381,YBR104W,YMC2,P38087,36.555,35,1,0.805432611,-0.312164208,0.009271246,10,0.778452437,8.854,18,10,0.836820084,23.205,18,8,0.801025312,8.6589,18
1955,YIR037W;YBR244W,HYR1;GPX2,P40581;P38143,18.641,44.2,2,0.782324474,-0.354160997,0.015048054,7,0.735726898,8.1098,15,6,0.811886011,8.5792,10,6,0.799360512,60.037,12
921,YLR203C,MSS51,P32335,50.88,43.8,1,0.883232575,-0.179134713,0.131359399,17,0.903913947,15.735,32,15,0.947508054,15.742,23,16,0.798275724,17.183,28
1414,YBL095W,MRX3,P38172,30.545,14.1,1,0.875257201,-0.192221069,0.128843413,3,0.95712098,9.3941,4,2,0.875503414,NaN,1,2,0.793147208,1.0193,2
1352,YDR178W,SDH4,P37298,20.248,32,1,0.884147452,-0.177641103,0.358134164,5,0.762311328,9.1204,10,2,1.097863558,21.077,3,3,0.792267469,16.261,7
3459,YPL168W,MRX4,Q12467,48.827,7,1,1.635036043,0.709322439,0.341062465,1,1.969822322,NaN,1,2,2.151648162,NaN,1,1,0.783637646,NaN,1
1623,YHR199C,AIM46,P38885,34.113,45.5,1,0.786768499,-0.345988899,0.009029799,8,0.82176021,8.8155,14,9,0.760456274,8.8479,14,9,0.778089013,12.081,14
682,YJR077C,MIR1,P23641,32.812,82.6,1,0.794023352,-0.332746658,0.004129027,17,0.790388871,7.682,55,18,0.816126663,7.8079,78,19,0.775554521,10.144,87
710,YOR201C,MRM1,P25270,46.387,19.9,1,0.833416594,-0.26289027,0.058337995,4,0.901144453,16.429,6,5,0.832292967,10.401,8,6,0.766812361,25.491,9
134,YJR121W,ATP2,P00830,54.793,81.2,1,0.796728714,-0.327839525,0.007355539,27,0.816526496,6.2928,169,29,0.80749354,10.257,183,30,0.766166105,7.8728,222
2002,YPL091W,GLR1,P41921,53.44,47.8,1,0.811301119,-0.301690617,0.033357242,13,0.807819695,13.832,28,11,0.868507903,20.325,20,12,0.757575758,10.753,29
1373,YBR039W,ATP3,P38077,34.35,63.7,1,0.792628721,-0.33528285,0.009185742,17,0.812743823,7.005,62,16,0.80762397,9.4764,53,17,0.75751837,7.8992,57
533,YAL008W,FUN14,P18411,22.063,9.6,1,1.041403227,0.058528783,0.927650476,1,1.302660032,NaN,1,1,1.064203391,77.406,3,1,0.757346259,58.657,2
379,YDL044C,MTF2,P10849,51.192,21.1,1,0.86726864,-0.205449152,0.155333797,3,0.920217171,15.213,3,3,0.924299843,23.326,3,7,0.757288906,14.11,6
1222,YKL056C,TMA19,P35691,18.741,35.3,1,0.725363307,-0.463224327,0.069998096,5,0.604448743,7.8525,15,6,0.826651236,5.2736,21,5,0.744989943,7.414,20
2429,YGR257C,MTM1,P53320,40.763,18,1,0.709679919,-0.49475961,0.006287169,2,0.677369098,19.437,4,4,0.707013575,16.253,4,2,0.744657085,36.504,6
2577,YPL061W,ALD6,P54115,54.414,51.4,1,0.685521153,-0.544726911,0.058892257,21,0.558035714,8.3901,42,19,0.754147813,28.283,43,20,0.744379932,10.342,49
150,YNL098C,RAS2,P01120,34.705,41.6,1,0.710406149,-0.493284026,0.005563404,10,0.680549884,20.726,24,10,0.707063565,23.336,29,10,0.743604997,23.305,34
3338,YDL004W,ATP16,Q12165,17.02,33.1,1,0.756246985,-0.40307061,0.010795161,3,0.800640512,1.1316,9,3,0.727907992,22.641,8,2,0.74019245,6.5589,13
3260,YPL224C,MMT2,Q08970,52.434,25.2,1,0.903498288,-0.146406227,0.385580441,8,0.961446015,5.2814,7,5,1.016394442,59.413,6,6,0.732654407,85.864,6
999,YMR023C,MSS1,P32559,58.351,8.2,1,2.196666814,1.135316061,0.430734395,1,4.416570974,NaN,1,2,1.441150615,75.434,2,4,0.732278852,52.47,4
1372,YBR035C,PDX3,P38075,26.908,12.7,1,0.913703932,-0.130201332,0.455187176,1,0.976657877,NaN,1,1,1.03950104,NaN,1,1,0.724952878,17.335,2
2738,YMR098C,ATP25,Q03153,70.413,10.8,1,0.763970839,-0.388410524,0.030500952,4,0.83984211,7.8897,6,3,0.727590221,12.86,9,3,0.724480185,1.0373,9
2627,YKL148C;YJL045W,SDH1;YJL045W,Q00711;P47052,70.229,51.9,2,0.793781911,-0.333185408,0.052677704,23,0.86986778,7.2176,63,22,0.794786203,6.0385,55,24,0.716691751,6.103,75
598,YPL271W,ATP15,P21306,6.7425,56.5,1,0.760829624,-0.394354674,0.01357947,3,0.774293457,7.6194,12,3,0.794470485,4.5426,15,3,0.71372493,6.901,12
458,YDR197W,CBS2,P14905,44.607,13.9,1,0.88008103,-0.184291735,0.331969131,4,0.900252071,44.272,3,2,1.031725561,16.731,3,1,0.708265458,NaN,1
1121,YLR188W,MDL1,P33310,75.949,24.3,1,0.742398752,-0.42973381,0.011219029,9,0.735456351,16.782,15,9,0.786720164,19.697,12,11,0.705019741,19.281,17
2342,YGL080W,MPC1,P53157,14.995,39.2,1,0.743248142,-0.428084143,0.020520661,4,0.719942405,10.477,7,2,0.808146113,4.9544,7,2,0.701655908,23.333,6
1122,YPL270W,MDL2,P33311,85.136,25.7,1,0.746029043,-0.4226963,0.017572524,13,0.802697062,17.165,19,10,0.733783387,17.807,16,11,0.701606679,19.073,16
3004,YPR100W,MRPL51,Q06090,16.123,17.1,1,0.351083439,-1.510114149,0.130219306,3,0.11258979,71.495,3,2,0.239693193,180.69,2,2,0.700967335,136.42,3
408,YGR084C,MRP13,P12686,38.988,28.3,1,0.786016772,-0.347367997,0.060510983,8,0.868960723,7.7081,14,8,0.790326405,10.511,17,8,0.698763189,12.245,15
609,YLL041C,SDH2,P21801,30.231,41.7,1,0.741626932,-0.431234458,0.024794666,10,0.810241452,13.912,21,9,0.727590221,20.479,18,9,0.687049124,14.382,19
2328,YGL125W,MET13,P53128,68.559,8.8,1,0.732481067,-0.449136625,0.020717699,3,0.725058005,13.589,3,2,0.794281176,8.877,2,3,0.678104021,33.475,2
3383,YOR221C,MCT1,Q12283,40.707,21.9,1,0.720754955,-0.472419246,0.016296588,2,0.703828829,NaN,1,4,0.781066937,3.8354,4,1,0.677369098,9.376,2
1659,YDL198C,GGC1,P38988,33.215,49,1,0.681616262,-0.552968339,0.000923248,16,0.697495989,5.773,36,15,0.675219446,10.091,40,16,0.672133351,11.862,41
2957,YDR341C,,Q05506,69.524,17,1,0.653988651,-0.612662495,0.054048689,7,0.530644733,25.121,8,5,0.761035008,5.7912,5,6,0.670286212,21.221,6
417,YML021C,UNG1,P12887,40.471,8.1,1,0.662437669,-0.594143383,0.012539573,1,0.711895778,6.2461,2,2,0.606207565,0.27733,3,1,0.669209663,NaN,1
3540,YCL057C-A,MIC10,Q96VH5,10.408,35.1,1,0.67018393,-0.577371001,0.001540313,3,0.664893617,6.441,4,4,0.690607735,19.619,7,3,0.655050439,20.952,5
1877,YJL071W,ARG2,P40360,65.609,10.6,1,0.838098496,-0.25480829,0.409313583,2,0.626330953,24.795,2,1,1.235818977,NaN,1,5,0.652145559,6.5382,4
3419,YOR130C,ORT1,Q12375,31.519,29.8,1,0.72272539,-0.468480517,0.024976973,6,0.773754256,6.2835,9,5,0.744269128,34.934,7,7,0.650152786,21.903,9
2687,YML091C,RPM2,Q02773,139.35,9.9,1,0.697060688,-0.520643829,0.013243331,6,0.729927007,15.972,6,5,0.721500722,28.584,6,5,0.639754334,9.8879,5
2745,YMR177W,MMT1,Q03218,56.209,18.8,1,0.653664579,-0.613377573,0.003578079,7,0.644911647,10.297,8,4,0.686200508,16.022,4,4,0.629881582,19.549,5
121,YHR051W,COX6,P00427,17.341,54.7,1,0.664701368,-0.589221773,0.004203785,9,0.683526999,5.7652,29,9,0.680735194,7.8898,33,9,0.62984191,5.2558,38
2468,YNR018W,RCF2,P53721,25.344,17.4,1,0.639926479,-0.644021932,0.002267606,3,0.624141805,3.5975,8,3,0.667378537,9.796,10,3,0.628259094,8.2654,9
65,YJR003C,MRX12,P47084,59.765,23.5,1,0.719824555,-0.474282777,0.068362389,7,0.851426139,15.091,9,7,0.687237991,6.0219,10,9,0.620809536,30.79,9
3281,YOR271C,FSF1,Q12029,35.414,44.3,1,0.617795755,-0.694798137,0.000499307,11,0.6222001,58.862,37,11,0.626409421,4.2359,31,11,0.604777744,6.3472,30
2264,YNL100W,MIC27,P50945,26.959,44,1,0.622037948,-0.684925499,0.014402037,10,0.692760651,12.447,16,6,0.56967073,16.376,7,7,0.603682463,21.853,10
1759,YEL006W,YEA6,P39953,36.96,11.9,1,0.558922767,-0.839279152,0.026265346,2,0.62289772,7.5503,4,2,0.456141951,13.572,2,2,0.597728631,78.324,3
1886,YMR301C,ATM1,P40416,77.521,15.1,1,0.560357666,-0.835580128,0.001986446,11,0.552669393,13.036,13,8,0.539752793,10.544,11,7,0.588650812,42.363,11
2839,YDR175C,RSM24,Q03976,37.393,39.8,1,0.613068894,-0.705878888,0.003084254,9,0.610687023,9.6739,15,6,0.643210909,11.207,15,10,0.58530875,17.196,23
3082,YDR296W,MHR1,Q06630,26.894,46,1,0.53244068,-0.909307293,0.007181842,6,0.542299349,12.802,7,8,0.479317452,20.4,9,6,0.575705239,49.913,8
659,YKL114C,APN1,P22936,41.439,14.7,1,0.493023837,-1.020270694,0.012578286,2,0.449539222,31.39,2,2,0.453926464,71.222,3,4,0.575605825,49.751,3
2393,YGR096W,TPC1,P53257,35.136,12.4,1,0.61406493,-0.703536884,0.025175024,2,0.715205264,58.657,2,1,0.555462978,NaN,1,1,0.571526547,NaN,1
1639,YNL003C,PET8,P38921,31.026,21.1,1,0.535600478,-0.900770847,0.020622832,3,0.593436591,11.777,4,2,0.442262616,22.256,3,4,0.571102227,54.19,5
1269,YKL155C,RSM22,P36056,72.189,19.7,1,0.606456143,-0.721524776,0.006833799,10,0.593084633,17.616,12,4,0.655995802,30.57,4,7,0.570287995,1.9825,8
2193,YGR150C,CCM1,P48237,101.42,13.2,1,0.742196075,-0.430127724,0.300017803,4,0.488758553,128.63,5,6,1.173750249,50.58,5,3,0.564079422,112.16,5
3461,YPR021C,AGC1,Q12482,104.3,8.3,1,0.508949014,-0.974406959,0.00565971,5,0.471320168,20.525,6,3,0.495491032,13.823,4,2,0.560035842,17.902,2
140,YER086W,ILV1,P00927,63.83,61.5,1,0.588113563,-0.765833333,0.002571103,22,0.609310261,4.7094,75,26,0.597585754,22.018,102,28,0.557444674,19.098,116
887,YGR220C,MRPL9,P31334,29.79,27.5,1,0.530374714,-0.9149161,0.022260329,3,0.43444261,9.9569,5,3,0.600384246,8.3982,5,3,0.556297285,17.738,2
2705,YPL103C,FMP30,Q02883,54.367,15.4,1,0.540381066,-0.887950968,0.004448078,3,0.568698817,40.493,6,4,0.497289771,28.956,4,4,0.555154611,34.663,4
289,YEL024W,RIP1,P08067,23.365,50.2,1,0.573125335,-0.803077422,0.001180673,10,0.586682312,11.534,32,11,0.581091289,21.915,33,11,0.551602405,15.105,37
2396,YGR102C,GTF1,P53260,20.787,19.1,1,0.65340822,-0.613943491,0.062713379,1,0.803664711,NaN,1,1,0.612519907,NaN,1,1,0.544040041,NaN,1
2350,YGL057C,GEP7,P53171,32.959,15.3,1,0.604333521,-0.726583128,0.018832704,3,0.673536741,7.9677,4,4,0.611508592,8.8882,6,3,0.527955229,12.472,5
571,YMR225C,MRPL44,P19956,11.476,48,1,0.542742008,-0.881661518,0.000848434,3,0.540598984,21.094,4,2,0.560506698,16.442,3,2,0.527120342,29.625,4
948,YKL167C,MRP49,P32388,16.021,32.1,1,0.520906867,-0.940902639,0.007244066,2,0.573624735,6.7297,2,2,0.472433505,7.1444,3,4,0.516662361,21.261,10
1340,YPL173W,MRPL40,P36534,33.751,35,1,0.541087792,-0.886065402,0.005018029,7,0.521131898,21.08,9,5,0.589205751,20.517,10,7,0.512925728,16.134,13
312,YDR298C,ATP5,P09457,22.814,68.4,1,0.505261112,-0.984898948,6.7917E-05,13,0.502563072,6.1936,43,14,0.502260171,22.679,47,12,0.510960094,15.864,47
1335,YBR282W,MRPL27,P36526,16.492,39,1,0.530924615,-0.913421066,0.004179476,2,0.573295878,16.487,2,3,0.520724849,32.626,3,1,0.498753117,NaN,1
608,YDR337W,MRPS28,P21771,33.057,50,1,0.503757523,-0.989198616,0.001414026,9,0.515437349,9.1427,12,9,0.517732332,19.639,9,13,0.478102888,9.9802,17
919,YKL120W,OAC1,P32332,35.153,68.5,1,0.476513767,-1.0694102,9.74201E-05,12,0.470189957,4.9281,42,14,0.482206577,24.463,50,13,0.477144766,4.4591,43
3501,YLL018C-A,COX19,Q3E731,11.105,39.8,1,0.414170165,-1.271704463,0.016345339,1,0.324569945,NaN,1,1,0.452304491,NaN,1,2,0.465636059,NaN,1
2476,YNR037C,RSM19,P53733,10.275,35.2,1,0.458829022,-1.123971446,2.10906E-06,2,0.459368827,10.43,3,3,0.459326627,7.7813,4,3,0.457791613,74.38,5
2048,YFR004W,RPN11,P43588,34.398,17.6,1,0.94932294,-0.075029149,0.700255219,2,1.134056862,13.561,2,4,1.256518188,86.455,4,2,0.45739377,NaN,1
2915,YMR062C,ARG7,Q04728,47.848,53.1,1,0.490227765,-1.0284759,0.003636795,19,0.495785821,26.623,34,19,0.523450586,35.225,30,17,0.451446887,19.806,41
119,YNL052W,COX5A,P00424,17.14,27.5,1,0.422680951,-1.242358998,0.069172096,3,0.243474873,12.998,9,2,0.577100646,50.773,6,3,0.447467335,72.286,8
835,YNL137C,NAM9,P27929,56.355,26.5,1,0.492957447,-1.02046498,0.006474429,10,0.538242101,9.321,11,8,0.498777994,70.485,9,9,0.441852245,54.696,12
1096,YHR147C,MRPL6,P32904,23.889,52.3,1,0.358725185,-1.479049059,0.031239016,4,0.236484889,90.54,3,2,0.409416581,46.594,2,8,0.430274085,121.82,8
2141,YJL003W,COX16,P47081,14.077,28.8,1,0.731962944,-0.450157482,0.354448374,2,0.384157351,5.2281,2,2,1.403134603,145.04,2,1,0.408596878,NaN,1
2411,YGR165W,MRPS35,P53292,39.575,41.4,1,0.430037991,-1.217463977,0.002579074,10,0.448149144,15.304,17,8,0.44810898,24.417,9,11,0.393855849,15.025,17
644,YJL063C,MRPL8,P22353,26.945,52.9,1,0.376453452,-1.409456605,0.001287186,6,0.361271676,21.248,8,4,0.403258327,43.294,8,7,0.364830354,24.567,15
3555,YOR222W,ODC2,Q99297,34.007,48.2,1,0.366519467,-1.44803827,0.000423437,9,0.356353788,16.725,30,11,0.381475547,19.709,33,10,0.361729065,6.0607,33
1714,YJL102W,MEF2,P39677,91.282,5.7,1,0.402397901,-1.313305314,0.005934632,3,0.456475099,25.335,2,2,0.392757551,NaN,1,2,0.357961054,19.539,2
368,YJL133W,MRS3,P10566,34.501,22,1,0.357185436,-1.485254838,0.000207708,2,0.349699259,23.296,4,2,0.367498438,20.559,2,3,0.354358611,61.215,6
364,YMR256C,COX7,P10174,6.9323,20,1,0.344055044,-1.539288702,0.001434648,2,0.363583479,9.1004,5,2,0.317581301,13.066,3,2,0.351000351,14.239,2
147,YDL181W,INH1,P01097,9.87,22.4,1,0.362907695,-1.462325446,0.001864928,3,0.394415082,32.313,4,2,0.353569282,28.131,4,2,0.340738722,31.69,4
576,YMR286W,MRPL33,P20084,9.5311,52.3,1,0.361989483,-1.465980313,0.003434275,4,0.406570174,51.857,7,2,0.338845216,64.738,7,2,0.340553058,35.331,6
2747,YMR188C,MRPS17,Q03246,27.635,35,1,0.313884736,-1.671693223,0.00489957,2,0.264781423,22.789,3,7,0.340251786,87.192,6,7,0.336620998,97.517,10
3409,YLR295C,ATP14,Q12349,14.128,62.1,1,0.335195131,-1.576926904,2.75526E-05,4,0.334079444,4.775,16,4,0.338948582,5.0623,23,4,0.332557366,8.1773,24
2676,YPL013C,MRPS16,Q02608,13.639,49.6,1,0.244306866,-2.033233683,0.019015269,1,0.244033384,42.461,3,3,0.162313948,73.226,3,3,0.326573267,16.463,4
2174,YJR113C,RSM7,P47150,27.816,47.8,1,0.318026021,-1.652783284,0.000266595,7,0.306269333,75.178,10,5,0.323101777,9.633,4,7,0.324706952,64.234,9
947,YDR405W,MRP20,P32387,30.566,28.9,1,0.314019965,-1.671071808,0.000679162,4,0.295359896,42.613,6,4,0.324285761,58.148,5,5,0.322414238,60.649,7
1238,YKL170W,MRPL38,P35996,14.904,39.1,1,0.316481258,-1.659808027,0.000126077,5,0.311730416,21.782,11,4,0.324675325,31.66,11,4,0.313038034,5.8625,9
2641,YLR038C,COX12,Q01519,9.7878,79.5,1,0.305247013,-1.711950919,0.000992097,3,0.285111479,8.8687,10,5,0.324538344,14.188,11,6,0.306091215,7.8571,12
2517,YNL177C,MRPL22,P53881,34.897,28.2,1,0.355302155,-1.492881657,0.012062946,1,0.440975438,133.4,2,4,0.321698568,25.216,5,4,0.303232458,1.1011,2
645,YKR085C,MRPL20,P22354,22.392,33.3,1,0.350658819,-1.511860084,0.00677286,4,0.40088194,51.065,5,4,0.354358611,16.83,5,2,0.296735905,29.66,2
259,YDL067C,COX9,P07255,6.9631,35.6,1,0.319999711,-1.643857493,0.001362815,3,0.34277096,21.106,6,3,0.320975766,10.147,2,2,0.296252407,15.375,3
2309,YGL221C,NIF3,P53081,31.888,39.6,1,0.324349745,-1.624377789,0.00222909,5,0.33220384,11.545,6,4,0.349027957,14.004,6,9,0.291817439,21.173,13
3302,YDL157C,,Q12082,13.562,26.3,1,0.313548042,-1.673241586,0.004843135,3,0.288275822,20.194,5,2,0.366515174,36.336,3,3,0.285853129,23.858,5
2968,YDR282C,MRX10,Q05648,47.172,11.6,1,0.338598278,-1.56235346,0.012100354,3,0.329218107,37.608,4,2,0.414593698,21.165,2,3,0.271983028,5.5786,3
2638,YER069W,"ARG5,6",Q01217,94.868,42.8,1,0.29037845,-1.783993707,0.001742757,20,0.307163042,12.125,34,18,0.302773404,41.779,32,24,0.261198903,49.056,40
2727,YPL134C,ODC1,Q03028,34.206,15.5,1,0.532839801,-0.908226245,0.167910404,3,0.485696246,8.9426,5,3,0.859549596,150.77,2,3,0.253273561,NaN,1
1366,YBL038W,MRPL16,P38064,26.518,15.9,1,0.299177317,-1.740927298,0.012465696,1,0.260654242,NaN,1,2,0.386339051,130.27,3,3,0.250538658,76.48,4
1030,YEL050C,RML2,P32611,43.785,26.7,1,0.183581814,-2.445504943,0.009305648,6,0.149020192,62.013,9,4,0.152578578,41.118,5,7,0.249146673,51.251,9
3463,YOR150W,MRPL23,Q12487,18.463,44.2,1,0.328985781,-1.603902862,0.049969085,5,0.213835133,115.93,4,3,0.524328859,20.787,3,6,0.248793352,85.755,6
883,YKL016C,ATP7,P30902,19.809,59.8,1,0.240487355,-2.055967055,0.000917307,10,0.224436664,16.409,32,11,0.260226918,18.567,29,9,0.236798484,12.605,31
168,YGL187C,COX4,P04037,17.142,72.3,1,0.247376405,-2.015220194,0.000277042,7,0.253543267,8.5564,22,7,0.252569899,26.998,16,7,0.236016049,14.355,23
196,YPL078C,ATP4,P05626,26.925,48.4,1,0.230485473,-2.117252273,0.000446394,13,0.216797468,8.69,34,11,0.240384615,13.701,28,10,0.234274335,11.337,31
519,YOR158W,PET123,P17558,35.998,14.5,1,0.271892659,-1.878890893,0.016817576,2,0.213447172,74.238,3,3,0.372925601,38.51,6,5,0.229305205,83.369,6
223,YNL104C,LEU4,P06208;P06208-2,68.408,54.6,2,0.249306085,-2.004009997,0.001346236,16,0.269019692,34.209,37,14,0.252966027,41.403,35,17,0.225932537,51.052,43
1962,YJL096W,MRPL49,P40858,18.387,43.5,1,0.201353216,-2.312199582,0.002545093,2,0.210743715,106.9,4,4,0.170564055,19.979,4,3,0.222751877,31.359,7
2610,YML081C-A,ATP18,P81450,6.6877,39,1,0.209898825,-2.252234004,0.002359365,2,0.18208303,0.066129,2,3,0.237011756,10.381,7,3,0.210601689,11.208,6
1334,YMR193W,MRPL24,P36525,30.049,12.4,1,0.160988934,-2.634966574,0.037654086,1,0.064800415,NaN,1,2,0.213876294,96.851,2,2,0.204290092,20.836,2
2718,YPL118W,MRP51,Q02950,39.445,38.7,1,0.233426438,-2.098960124,0.002825748,9,0.234312761,18.596,10,7,0.264137986,19.371,7,9,0.201828567,6.8368,13
2475,YNR036C,MRPS12,P53732,16.916,15.7,1,0.288662683,-1.792543479,0.045675851,1,0.191102278,44.523,2,2,0.474653503,184.12,3,2,0.200232269,69.049,5
297,YJL166W,QCR8,P08525,10.974,56.4,1,0.197705126,-2.338577815,0.016849723,2,0.269789025,47.464,2,2,0.126665653,42.787,2,3,0.196660701,33.33,4
1152,YBR251W,MRPS5,P33759,34.883,32.6,1,0.169262261,-2.562667749,0.000829235,4,0.157450561,63.832,5,3,0.16377602,45.077,4,6,0.186560203,17.656,7
1331,YNL284C,MRPL10,P36520,36.347,20.8,1,0.196608956,-2.346599054,0.005950279,4,0.159884883,83.217,4,1,0.246256895,NaN,1,3,0.18368509,79.922,3
1794,YER050C,RSM18,P40033,15.835,28.3,1,0.261904102,-1.932889441,0.100982236,2,0.074688177,NaN,1,1,0.531745188,NaN,1,3,0.17927894,174.24,2
375,YPR166C,MRP2,P10663,13.538,12.2,1,0.166092943,-2.589937321,0.001689777,1,0.142720539,50.936,2,2,0.181445394,28.318,3,1,0.174112895,NaN,1
1390,YBR146W,MRPS9,P38120,31.925,33.5,1,0.27418421,-1.866782607,0.062306998,4,0.501479364,76.605,5,5,0.163102869,13.601,6,5,0.157970396,73.212,6
918,YPR058W,YMC1,P32331,33.375,42,1,0.152073276,-2.717161443,0.000368104,8,0.162119222,43.965,22,8,0.143081986,12.844,20,8,0.151018621,25.023,19
2017,YNL306W,MRPS18,P42847,24.563,40.6,1,0.169009226,-2.564826088,0.007001185,5,0.22340378,69.463,5,5,0.142822457,31.916,6,5,0.140801442,66.517,6
2768,YDR494W,RSM28,Q03430,41.215,28.5,1,0.13872605,-2.849689372,0.001381887,5,0.13176793,18.845,10,2,0.159372709,14.04,6,7,0.125037511,3.4668,15
2611,YOL077W-A,ATP19,P81451,7.5337,61.8,1,0.126805951,-2.979305646,0.000489492,2,0.119286191,108.94,4,3,0.138463882,44.303,7,2,0.122667779,55.363,4
2843,YMR241W,YHM2,Q04013,34.184,45.5,1,0.108553592,-3.203520625,0.000236426,13,0.104635346,81.359,36,13,0.104933997,85.141,43,12,0.116091434,87.244,29
3050,YDR377W,ATP17,Q06405,11.312,28.7,1,0.10245226,-3.286976281,0.0001441,2,0.097247885,5.5345,10,3,0.103343151,5.2809,10,2,0.106765745,2.3328,10
2637,YGL129C,RSM23,Q01163,50.866,43.3,1,0.11274609,-3.148850688,0.000605331,14,0.122229963,29.572,15,7,0.114327525,31.558,11,11,0.101680783,8.8316,15
3362,YPR020W,ATP20,Q12233,12.921,53.9,1,0.072614579,-3.783596953,0.003513324,5,0.0644496,117,9,5,0.057175529,69.054,8,3,0.096218609,103.68,7
1353,YHR001W-A,QCR10,P37299,8.5928,46.8,1,0.147149294,-2.764647471,0.012648643,3,0.198019802,81.171,8,3,0.150998097,51.437,8,4,0.092429984,23.428,13
1060,YGL191W,COX13,P32799,15.021,60.5,1,0.087406148,-3.516121424,4.528E-05,6,0.085193389,54.96,16,6,0.090106325,28.137,12,7,0.086918731,101.73,11
111,YDR529C,QCR7,P00128,14.565,69.3,1,0.090304123,-3.469064337,0.001314225,6,0.106664391,21.926,13,5,0.080997894,10.585,11,7,0.083250083,34.574,22
783,YCR046C,IMG1,P25626,19.393,34.9,1,0.088981312,-3.490353819,0.005625793,5,0.116821065,85.841,7,6,0.08841733,16.734,10,5,0.061705541,114.3,10
2420,YGR215W,RSM27,P53305,12.392,30.9,1,0.219721177,-2.186254167,0.113298338,2,0.367552468,62.658,2,2,0.25213686,149.44,4,2,0.039474204,110.34,3
75,YDR322C-A,TIM11,P81449,10.875,45.8,1,0.035553228,-4.81387565,0.003827525,3,0.040708325,71.275,8,4,0.043461254,113.92,9,4,0.022490104,94.083,11